id	label	model
879187	None	csebuetnlp/banglabert
316919	Profane	csebuetnlp/banglabert
916242	None	csebuetnlp/banglabert
786824	None	csebuetnlp/banglabert
47284	None	csebuetnlp/banglabert
51359	Abusive	csebuetnlp/banglabert
327639	None	csebuetnlp/banglabert
925152	Profane	csebuetnlp/banglabert
432602	None	csebuetnlp/banglabert
540917	Abusive	csebuetnlp/banglabert
259015	None	csebuetnlp/banglabert
119485	None	csebuetnlp/banglabert
629565	None	csebuetnlp/banglabert
223268	Political Hate	csebuetnlp/banglabert
91157	Political Hate	csebuetnlp/banglabert
123076	Abusive	csebuetnlp/banglabert
301408	None	csebuetnlp/banglabert
153221	None	csebuetnlp/banglabert
713730	None	csebuetnlp/banglabert
104093	Political Hate	csebuetnlp/banglabert
284969	Political Hate	csebuetnlp/banglabert
154146	None	csebuetnlp/banglabert
903474	None	csebuetnlp/banglabert
310847	Abusive	csebuetnlp/banglabert
618320	None	csebuetnlp/banglabert
219771	Abusive	csebuetnlp/banglabert
137796	None	csebuetnlp/banglabert
557214	Political Hate	csebuetnlp/banglabert
639414	None	csebuetnlp/banglabert
499556	Profane	csebuetnlp/banglabert
874903	None	csebuetnlp/banglabert
242561	Abusive	csebuetnlp/banglabert
170696	None	csebuetnlp/banglabert
400293	None	csebuetnlp/banglabert
345498	None	csebuetnlp/banglabert
682342	None	csebuetnlp/banglabert
103754	Abusive	csebuetnlp/banglabert
763773	None	csebuetnlp/banglabert
366364	None	csebuetnlp/banglabert
748942	None	csebuetnlp/banglabert
108952	None	csebuetnlp/banglabert
852650	Abusive	csebuetnlp/banglabert
638113	Profane	csebuetnlp/banglabert
788538	None	csebuetnlp/banglabert
677410	None	csebuetnlp/banglabert
194546	Abusive	csebuetnlp/banglabert
645529	Political Hate	csebuetnlp/banglabert
924142	None	csebuetnlp/banglabert
69380	Political Hate	csebuetnlp/banglabert
748478	None	csebuetnlp/banglabert
645018	Abusive	csebuetnlp/banglabert
295794	None	csebuetnlp/banglabert
63426	Abusive	csebuetnlp/banglabert
63116	Profane	csebuetnlp/banglabert
551400	None	csebuetnlp/banglabert
835607	Abusive	csebuetnlp/banglabert
103869	None	csebuetnlp/banglabert
562502	None	csebuetnlp/banglabert
472928	None	csebuetnlp/banglabert
319508	None	csebuetnlp/banglabert
545961	None	csebuetnlp/banglabert
698843	None	csebuetnlp/banglabert
590762	None	csebuetnlp/banglabert
878482	None	csebuetnlp/banglabert
451314	Abusive	csebuetnlp/banglabert
88129	Profane	csebuetnlp/banglabert
189525	None	csebuetnlp/banglabert
379097	Abusive	csebuetnlp/banglabert
864667	None	csebuetnlp/banglabert
780940	None	csebuetnlp/banglabert
577465	Abusive	csebuetnlp/banglabert
201744	None	csebuetnlp/banglabert
5641	Abusive	csebuetnlp/banglabert
110529	Political Hate	csebuetnlp/banglabert
732060	None	csebuetnlp/banglabert
899521	None	csebuetnlp/banglabert
217414	Political Hate	csebuetnlp/banglabert
364331	Abusive	csebuetnlp/banglabert
220584	None	csebuetnlp/banglabert
521448	None	csebuetnlp/banglabert
235213	Profane	csebuetnlp/banglabert
288321	Abusive	csebuetnlp/banglabert
444659	None	csebuetnlp/banglabert
288470	Political Hate	csebuetnlp/banglabert
602580	Abusive	csebuetnlp/banglabert
505064	Abusive	csebuetnlp/banglabert
220958	None	csebuetnlp/banglabert
208873	None	csebuetnlp/banglabert
905717	Profane	csebuetnlp/banglabert
753381	None	csebuetnlp/banglabert
189967	Political Hate	csebuetnlp/banglabert
55334	Profane	csebuetnlp/banglabert
585271	None	csebuetnlp/banglabert
284428	Political Hate	csebuetnlp/banglabert
333828	None	csebuetnlp/banglabert
268077	Political Hate	csebuetnlp/banglabert
791784	Political Hate	csebuetnlp/banglabert
29385	None	csebuetnlp/banglabert
721154	None	csebuetnlp/banglabert
53445	None	csebuetnlp/banglabert
849367	None	csebuetnlp/banglabert
776247	None	csebuetnlp/banglabert
194347	Profane	csebuetnlp/banglabert
875084	None	csebuetnlp/banglabert
429185	None	csebuetnlp/banglabert
869559	None	csebuetnlp/banglabert
551711	None	csebuetnlp/banglabert
459530	None	csebuetnlp/banglabert
371844	Abusive	csebuetnlp/banglabert
678759	None	csebuetnlp/banglabert
928871	None	csebuetnlp/banglabert
938337	None	csebuetnlp/banglabert
486005	Abusive	csebuetnlp/banglabert
739268	None	csebuetnlp/banglabert
256855	None	csebuetnlp/banglabert
57158	Abusive	csebuetnlp/banglabert
492274	Abusive	csebuetnlp/banglabert
177187	None	csebuetnlp/banglabert
323380	Profane	csebuetnlp/banglabert
736173	Abusive	csebuetnlp/banglabert
655076	None	csebuetnlp/banglabert
636680	Political Hate	csebuetnlp/banglabert
319075	None	csebuetnlp/banglabert
183674	Political Hate	csebuetnlp/banglabert
556548	Abusive	csebuetnlp/banglabert
268230	None	csebuetnlp/banglabert
732875	None	csebuetnlp/banglabert
212780	Abusive	csebuetnlp/banglabert
915594	None	csebuetnlp/banglabert
187124	Abusive	csebuetnlp/banglabert
376637	Abusive	csebuetnlp/banglabert
237536	None	csebuetnlp/banglabert
727320	Profane	csebuetnlp/banglabert
62305	None	csebuetnlp/banglabert
518275	None	csebuetnlp/banglabert
190205	None	csebuetnlp/banglabert
682947	Political Hate	csebuetnlp/banglabert
843536	None	csebuetnlp/banglabert
298286	Profane	csebuetnlp/banglabert
260368	Profane	csebuetnlp/banglabert
109120	None	csebuetnlp/banglabert
732085	None	csebuetnlp/banglabert
587177	Abusive	csebuetnlp/banglabert
219166	Political Hate	csebuetnlp/banglabert
712397	None	csebuetnlp/banglabert
744608	None	csebuetnlp/banglabert
839392	None	csebuetnlp/banglabert
567799	None	csebuetnlp/banglabert
357344	Abusive	csebuetnlp/banglabert
646789	Political Hate	csebuetnlp/banglabert
144730	None	csebuetnlp/banglabert
606121	None	csebuetnlp/banglabert
663589	None	csebuetnlp/banglabert
175058	None	csebuetnlp/banglabert
602882	Abusive	csebuetnlp/banglabert
865744	None	csebuetnlp/banglabert
15148	None	csebuetnlp/banglabert
714172	Profane	csebuetnlp/banglabert
919656	Profane	csebuetnlp/banglabert
641435	None	csebuetnlp/banglabert
542675	Profane	csebuetnlp/banglabert
97962	Profane	csebuetnlp/banglabert
35543	Abusive	csebuetnlp/banglabert
249438	None	csebuetnlp/banglabert
45817	Abusive	csebuetnlp/banglabert
846205	Abusive	csebuetnlp/banglabert
684720	None	csebuetnlp/banglabert
659930	Profane	csebuetnlp/banglabert
446120	Abusive	csebuetnlp/banglabert
315323	Abusive	csebuetnlp/banglabert
533231	None	csebuetnlp/banglabert
103313	None	csebuetnlp/banglabert
484049	None	csebuetnlp/banglabert
258145	Profane	csebuetnlp/banglabert
255461	None	csebuetnlp/banglabert
582412	Political Hate	csebuetnlp/banglabert
541719	Abusive	csebuetnlp/banglabert
400986	None	csebuetnlp/banglabert
547162	Political Hate	csebuetnlp/banglabert
444235	Abusive	csebuetnlp/banglabert
349790	Political Hate	csebuetnlp/banglabert
1698	None	csebuetnlp/banglabert
733055	None	csebuetnlp/banglabert
358186	None	csebuetnlp/banglabert
272026	None	csebuetnlp/banglabert
843498	None	csebuetnlp/banglabert
903157	Abusive	csebuetnlp/banglabert
869323	None	csebuetnlp/banglabert
314731	Abusive	csebuetnlp/banglabert
923983	Abusive	csebuetnlp/banglabert
467220	None	csebuetnlp/banglabert
203763	Abusive	csebuetnlp/banglabert
254343	Abusive	csebuetnlp/banglabert
753995	None	csebuetnlp/banglabert
577269	None	csebuetnlp/banglabert
140440	None	csebuetnlp/banglabert
327128	Abusive	csebuetnlp/banglabert
742109	None	csebuetnlp/banglabert
339941	None	csebuetnlp/banglabert
648055	None	csebuetnlp/banglabert
271686	None	csebuetnlp/banglabert
167523	Abusive	csebuetnlp/banglabert
565237	Political Hate	csebuetnlp/banglabert
326583	Profane	csebuetnlp/banglabert
521049	None	csebuetnlp/banglabert
635150	None	csebuetnlp/banglabert
667038	None	csebuetnlp/banglabert
533234	None	csebuetnlp/banglabert
49935	Abusive	csebuetnlp/banglabert
132749	None	csebuetnlp/banglabert
526931	None	csebuetnlp/banglabert
120887	None	csebuetnlp/banglabert
148965	Abusive	csebuetnlp/banglabert
785355	Abusive	csebuetnlp/banglabert
904080	None	csebuetnlp/banglabert
242296	Political Hate	csebuetnlp/banglabert
505804	None	csebuetnlp/banglabert
28164	None	csebuetnlp/banglabert
287563	Profane	csebuetnlp/banglabert
866300	None	csebuetnlp/banglabert
846915	None	csebuetnlp/banglabert
363471	Abusive	csebuetnlp/banglabert
376108	Political Hate	csebuetnlp/banglabert
725247	None	csebuetnlp/banglabert
917058	Abusive	csebuetnlp/banglabert
936170	None	csebuetnlp/banglabert
632147	Political Hate	csebuetnlp/banglabert
71795	Profane	csebuetnlp/banglabert
886268	Abusive	csebuetnlp/banglabert
22299	Abusive	csebuetnlp/banglabert
727182	None	csebuetnlp/banglabert
565081	None	csebuetnlp/banglabert
599305	None	csebuetnlp/banglabert
443980	None	csebuetnlp/banglabert
765765	None	csebuetnlp/banglabert
473418	None	csebuetnlp/banglabert
544646	None	csebuetnlp/banglabert
351344	Abusive	csebuetnlp/banglabert
697214	None	csebuetnlp/banglabert
371187	None	csebuetnlp/banglabert
121250	Political Hate	csebuetnlp/banglabert
20874	None	csebuetnlp/banglabert
850266	None	csebuetnlp/banglabert
439950	Abusive	csebuetnlp/banglabert
427668	None	csebuetnlp/banglabert
60444	None	csebuetnlp/banglabert
659301	None	csebuetnlp/banglabert
592983	None	csebuetnlp/banglabert
827694	Abusive	csebuetnlp/banglabert
566134	Profane	csebuetnlp/banglabert
355167	None	csebuetnlp/banglabert
350908	None	csebuetnlp/banglabert
332323	None	csebuetnlp/banglabert
454987	Profane	csebuetnlp/banglabert
170966	None	csebuetnlp/banglabert
56299	Abusive	csebuetnlp/banglabert
53232	Political Hate	csebuetnlp/banglabert
649211	None	csebuetnlp/banglabert
390308	None	csebuetnlp/banglabert
488779	None	csebuetnlp/banglabert
215984	Political Hate	csebuetnlp/banglabert
628026	Abusive	csebuetnlp/banglabert
368087	None	csebuetnlp/banglabert
875776	None	csebuetnlp/banglabert
831832	Political Hate	csebuetnlp/banglabert
569593	Political Hate	csebuetnlp/banglabert
469197	None	csebuetnlp/banglabert
390574	None	csebuetnlp/banglabert
436078	Abusive	csebuetnlp/banglabert
72621	Political Hate	csebuetnlp/banglabert
265323	None	csebuetnlp/banglabert
476101	Profane	csebuetnlp/banglabert
104541	Political Hate	csebuetnlp/banglabert
446025	Abusive	csebuetnlp/banglabert
731432	Abusive	csebuetnlp/banglabert
162796	Abusive	csebuetnlp/banglabert
120013	None	csebuetnlp/banglabert
836767	None	csebuetnlp/banglabert
843079	None	csebuetnlp/banglabert
97007	None	csebuetnlp/banglabert
328435	Political Hate	csebuetnlp/banglabert
779718	Abusive	csebuetnlp/banglabert
419606	None	csebuetnlp/banglabert
920869	Abusive	csebuetnlp/banglabert
664800	Political Hate	csebuetnlp/banglabert
98071	None	csebuetnlp/banglabert
842810	Abusive	csebuetnlp/banglabert
19398	Political Hate	csebuetnlp/banglabert
564701	Abusive	csebuetnlp/banglabert
573270	None	csebuetnlp/banglabert
593127	Political Hate	csebuetnlp/banglabert
102435	None	csebuetnlp/banglabert
256050	None	csebuetnlp/banglabert
81593	None	csebuetnlp/banglabert
632323	None	csebuetnlp/banglabert
825656	None	csebuetnlp/banglabert
566899	None	csebuetnlp/banglabert
510731	None	csebuetnlp/banglabert
384979	None	csebuetnlp/banglabert
144849	None	csebuetnlp/banglabert
79787	Political Hate	csebuetnlp/banglabert
910730	None	csebuetnlp/banglabert
363532	None	csebuetnlp/banglabert
620917	None	csebuetnlp/banglabert
600432	None	csebuetnlp/banglabert
581971	None	csebuetnlp/banglabert
685765	Political Hate	csebuetnlp/banglabert
706846	None	csebuetnlp/banglabert
266829	Profane	csebuetnlp/banglabert
557555	None	csebuetnlp/banglabert
496625	Abusive	csebuetnlp/banglabert
178872	None	csebuetnlp/banglabert
711143	None	csebuetnlp/banglabert
332460	None	csebuetnlp/banglabert
29919	Political Hate	csebuetnlp/banglabert
655611	None	csebuetnlp/banglabert
669537	None	csebuetnlp/banglabert
208251	Profane	csebuetnlp/banglabert
866998	Abusive	csebuetnlp/banglabert
143177	None	csebuetnlp/banglabert
769023	None	csebuetnlp/banglabert
396646	Abusive	csebuetnlp/banglabert
225407	Abusive	csebuetnlp/banglabert
359767	None	csebuetnlp/banglabert
123345	Political Hate	csebuetnlp/banglabert
283543	Abusive	csebuetnlp/banglabert
542107	None	csebuetnlp/banglabert
152502	None	csebuetnlp/banglabert
146539	None	csebuetnlp/banglabert
357373	None	csebuetnlp/banglabert
25777	None	csebuetnlp/banglabert
746972	None	csebuetnlp/banglabert
270762	Abusive	csebuetnlp/banglabert
558844	None	csebuetnlp/banglabert
740225	None	csebuetnlp/banglabert
886666	None	csebuetnlp/banglabert
606932	None	csebuetnlp/banglabert
209217	Political Hate	csebuetnlp/banglabert
777488	Abusive	csebuetnlp/banglabert
130669	Profane	csebuetnlp/banglabert
762285	Political Hate	csebuetnlp/banglabert
685431	Political Hate	csebuetnlp/banglabert
771815	None	csebuetnlp/banglabert
252415	Profane	csebuetnlp/banglabert
687596	None	csebuetnlp/banglabert
242766	Abusive	csebuetnlp/banglabert
447554	None	csebuetnlp/banglabert
427243	Abusive	csebuetnlp/banglabert
140278	None	csebuetnlp/banglabert
401449	None	csebuetnlp/banglabert
765938	Political Hate	csebuetnlp/banglabert
133168	None	csebuetnlp/banglabert
306158	Abusive	csebuetnlp/banglabert
637422	None	csebuetnlp/banglabert
663885	None	csebuetnlp/banglabert
291989	None	csebuetnlp/banglabert
298326	None	csebuetnlp/banglabert
799266	Political Hate	csebuetnlp/banglabert
779258	Political Hate	csebuetnlp/banglabert
546084	None	csebuetnlp/banglabert
781242	None	csebuetnlp/banglabert
602262	None	csebuetnlp/banglabert
773036	None	csebuetnlp/banglabert
377308	None	csebuetnlp/banglabert
142631	Political Hate	csebuetnlp/banglabert
895459	None	csebuetnlp/banglabert
787010	None	csebuetnlp/banglabert
645662	None	csebuetnlp/banglabert
45403	None	csebuetnlp/banglabert
267853	None	csebuetnlp/banglabert
917758	None	csebuetnlp/banglabert
426332	None	csebuetnlp/banglabert
422595	None	csebuetnlp/banglabert
691331	None	csebuetnlp/banglabert
610080	Abusive	csebuetnlp/banglabert
501233	None	csebuetnlp/banglabert
131294	None	csebuetnlp/banglabert
815428	Political Hate	csebuetnlp/banglabert
195149	Abusive	csebuetnlp/banglabert
207721	Political Hate	csebuetnlp/banglabert
416773	None	csebuetnlp/banglabert
313335	Abusive	csebuetnlp/banglabert
329274	None	csebuetnlp/banglabert
508798	Profane	csebuetnlp/banglabert
868978	None	csebuetnlp/banglabert
310124	None	csebuetnlp/banglabert
785154	None	csebuetnlp/banglabert
535201	None	csebuetnlp/banglabert
626322	None	csebuetnlp/banglabert
890167	Profane	csebuetnlp/banglabert
184776	Political Hate	csebuetnlp/banglabert
390461	None	csebuetnlp/banglabert
503090	Abusive	csebuetnlp/banglabert
461035	Abusive	csebuetnlp/banglabert
619709	None	csebuetnlp/banglabert
890283	Abusive	csebuetnlp/banglabert
132888	None	csebuetnlp/banglabert
17079	Abusive	csebuetnlp/banglabert
218300	Political Hate	csebuetnlp/banglabert
345231	None	csebuetnlp/banglabert
285893	None	csebuetnlp/banglabert
632928	None	csebuetnlp/banglabert
479465	None	csebuetnlp/banglabert
2602	Profane	csebuetnlp/banglabert
85641	None	csebuetnlp/banglabert
682701	None	csebuetnlp/banglabert
436258	Political Hate	csebuetnlp/banglabert
114639	None	csebuetnlp/banglabert
674071	Political Hate	csebuetnlp/banglabert
244282	None	csebuetnlp/banglabert
318350	None	csebuetnlp/banglabert
553375	Political Hate	csebuetnlp/banglabert
135830	Abusive	csebuetnlp/banglabert
260169	Political Hate	csebuetnlp/banglabert
553667	None	csebuetnlp/banglabert
183040	Abusive	csebuetnlp/banglabert
680751	Abusive	csebuetnlp/banglabert
274955	Abusive	csebuetnlp/banglabert
370027	None	csebuetnlp/banglabert
121905	None	csebuetnlp/banglabert
440653	None	csebuetnlp/banglabert
732217	Political Hate	csebuetnlp/banglabert
618508	Profane	csebuetnlp/banglabert
90671	None	csebuetnlp/banglabert
322046	None	csebuetnlp/banglabert
843688	Profane	csebuetnlp/banglabert
645379	Profane	csebuetnlp/banglabert
228279	Profane	csebuetnlp/banglabert
26128	Political Hate	csebuetnlp/banglabert
95316	Profane	csebuetnlp/banglabert
161304	None	csebuetnlp/banglabert
770118	None	csebuetnlp/banglabert
219678	Political Hate	csebuetnlp/banglabert
783494	None	csebuetnlp/banglabert
422409	None	csebuetnlp/banglabert
38646	None	csebuetnlp/banglabert
231486	Profane	csebuetnlp/banglabert
443053	None	csebuetnlp/banglabert
97738	Political Hate	csebuetnlp/banglabert
493860	None	csebuetnlp/banglabert
67696	Political Hate	csebuetnlp/banglabert
547919	Abusive	csebuetnlp/banglabert
339308	None	csebuetnlp/banglabert
43011	None	csebuetnlp/banglabert
795119	None	csebuetnlp/banglabert
292726	Political Hate	csebuetnlp/banglabert
180440	None	csebuetnlp/banglabert
198740	Abusive	csebuetnlp/banglabert
773993	None	csebuetnlp/banglabert
190166	Abusive	csebuetnlp/banglabert
201671	Political Hate	csebuetnlp/banglabert
857416	Political Hate	csebuetnlp/banglabert
926290	None	csebuetnlp/banglabert
19835	None	csebuetnlp/banglabert
359775	Abusive	csebuetnlp/banglabert
625911	Abusive	csebuetnlp/banglabert
324644	None	csebuetnlp/banglabert
561231	None	csebuetnlp/banglabert
486277	Abusive	csebuetnlp/banglabert
699555	Abusive	csebuetnlp/banglabert
796009	None	csebuetnlp/banglabert
442802	None	csebuetnlp/banglabert
345862	None	csebuetnlp/banglabert
577567	Abusive	csebuetnlp/banglabert
917536	Abusive	csebuetnlp/banglabert
465219	None	csebuetnlp/banglabert
202537	None	csebuetnlp/banglabert
810678	Abusive	csebuetnlp/banglabert
471847	Profane	csebuetnlp/banglabert
451450	None	csebuetnlp/banglabert
231023	None	csebuetnlp/banglabert
464828	None	csebuetnlp/banglabert
736021	None	csebuetnlp/banglabert
17036	Religious Hate	csebuetnlp/banglabert
676426	None	csebuetnlp/banglabert
351306	None	csebuetnlp/banglabert
628567	None	csebuetnlp/banglabert
495615	None	csebuetnlp/banglabert
248858	Political Hate	csebuetnlp/banglabert
323407	None	csebuetnlp/banglabert
800267	None	csebuetnlp/banglabert
924086	Abusive	csebuetnlp/banglabert
332310	None	csebuetnlp/banglabert
2399	Profane	csebuetnlp/banglabert
642008	Political Hate	csebuetnlp/banglabert
579150	None	csebuetnlp/banglabert
532008	Profane	csebuetnlp/banglabert
920515	Profane	csebuetnlp/banglabert
928170	None	csebuetnlp/banglabert
115600	None	csebuetnlp/banglabert
160611	None	csebuetnlp/banglabert
57343	Political Hate	csebuetnlp/banglabert
233245	Political Hate	csebuetnlp/banglabert
160063	Profane	csebuetnlp/banglabert
215216	Political Hate	csebuetnlp/banglabert
259716	Political Hate	csebuetnlp/banglabert
24649	Political Hate	csebuetnlp/banglabert
236647	None	csebuetnlp/banglabert
890600	Abusive	csebuetnlp/banglabert
818229	None	csebuetnlp/banglabert
181400	Political Hate	csebuetnlp/banglabert
184128	None	csebuetnlp/banglabert
732571	Political Hate	csebuetnlp/banglabert
803103	Profane	csebuetnlp/banglabert
103559	Abusive	csebuetnlp/banglabert
104069	Abusive	csebuetnlp/banglabert
532685	None	csebuetnlp/banglabert
860196	None	csebuetnlp/banglabert
207034	None	csebuetnlp/banglabert
852222	Abusive	csebuetnlp/banglabert
620269	None	csebuetnlp/banglabert
214987	Political Hate	csebuetnlp/banglabert
390209	Profane	csebuetnlp/banglabert
828144	Political Hate	csebuetnlp/banglabert
355435	None	csebuetnlp/banglabert
280909	None	csebuetnlp/banglabert
648822	None	csebuetnlp/banglabert
469956	None	csebuetnlp/banglabert
491045	Profane	csebuetnlp/banglabert
853713	None	csebuetnlp/banglabert
759980	None	csebuetnlp/banglabert
569003	Political Hate	csebuetnlp/banglabert
803693	Religious Hate	csebuetnlp/banglabert
481481	None	csebuetnlp/banglabert
853785	Abusive	csebuetnlp/banglabert
451339	Abusive	csebuetnlp/banglabert
434603	Profane	csebuetnlp/banglabert
776243	Abusive	csebuetnlp/banglabert
857738	None	csebuetnlp/banglabert
657731	None	csebuetnlp/banglabert
309549	None	csebuetnlp/banglabert
935003	None	csebuetnlp/banglabert
837370	Abusive	csebuetnlp/banglabert
832799	Political Hate	csebuetnlp/banglabert
333504	Profane	csebuetnlp/banglabert
455676	None	csebuetnlp/banglabert
686341	None	csebuetnlp/banglabert
833132	Profane	csebuetnlp/banglabert
829417	None	csebuetnlp/banglabert
173721	Abusive	csebuetnlp/banglabert
179807	None	csebuetnlp/banglabert
172129	Abusive	csebuetnlp/banglabert
309949	Abusive	csebuetnlp/banglabert
868955	None	csebuetnlp/banglabert
649693	None	csebuetnlp/banglabert
90477	Profane	csebuetnlp/banglabert
150665	None	csebuetnlp/banglabert
539518	None	csebuetnlp/banglabert
6441	Political Hate	csebuetnlp/banglabert
316408	Abusive	csebuetnlp/banglabert
673952	None	csebuetnlp/banglabert
51761	None	csebuetnlp/banglabert
754177	None	csebuetnlp/banglabert
931338	None	csebuetnlp/banglabert
522610	None	csebuetnlp/banglabert
27947	None	csebuetnlp/banglabert
653841	Religious Hate	csebuetnlp/banglabert
40916	None	csebuetnlp/banglabert
446133	None	csebuetnlp/banglabert
841967	None	csebuetnlp/banglabert
609657	None	csebuetnlp/banglabert
739084	None	csebuetnlp/banglabert
351764	None	csebuetnlp/banglabert
259184	None	csebuetnlp/banglabert
393117	Religious Hate	csebuetnlp/banglabert
328240	Abusive	csebuetnlp/banglabert
468435	Abusive	csebuetnlp/banglabert
541450	None	csebuetnlp/banglabert
723785	None	csebuetnlp/banglabert
276566	None	csebuetnlp/banglabert
606464	None	csebuetnlp/banglabert
126449	None	csebuetnlp/banglabert
75097	Political Hate	csebuetnlp/banglabert
191972	Profane	csebuetnlp/banglabert
837237	Abusive	csebuetnlp/banglabert
400643	Political Hate	csebuetnlp/banglabert
418393	Political Hate	csebuetnlp/banglabert
910685	None	csebuetnlp/banglabert
617275	Abusive	csebuetnlp/banglabert
494945	None	csebuetnlp/banglabert
318209	Profane	csebuetnlp/banglabert
696250	None	csebuetnlp/banglabert
360014	None	csebuetnlp/banglabert
578712	Political Hate	csebuetnlp/banglabert
127383	None	csebuetnlp/banglabert
452100	Abusive	csebuetnlp/banglabert
936774	Abusive	csebuetnlp/banglabert
81295	Political Hate	csebuetnlp/banglabert
312562	None	csebuetnlp/banglabert
114169	None	csebuetnlp/banglabert
758394	None	csebuetnlp/banglabert
819133	Political Hate	csebuetnlp/banglabert
427526	None	csebuetnlp/banglabert
200459	Political Hate	csebuetnlp/banglabert
716131	None	csebuetnlp/banglabert
416788	Abusive	csebuetnlp/banglabert
444300	Profane	csebuetnlp/banglabert
274190	None	csebuetnlp/banglabert
692604	None	csebuetnlp/banglabert
297287	None	csebuetnlp/banglabert
569220	Political Hate	csebuetnlp/banglabert
464993	Abusive	csebuetnlp/banglabert
219503	Political Hate	csebuetnlp/banglabert
603542	None	csebuetnlp/banglabert
910996	None	csebuetnlp/banglabert
733681	None	csebuetnlp/banglabert
682912	Abusive	csebuetnlp/banglabert
79179	Political Hate	csebuetnlp/banglabert
185878	Political Hate	csebuetnlp/banglabert
429794	Abusive	csebuetnlp/banglabert
37514	Abusive	csebuetnlp/banglabert
677951	None	csebuetnlp/banglabert
606638	None	csebuetnlp/banglabert
667790	Political Hate	csebuetnlp/banglabert
404077	None	csebuetnlp/banglabert
664870	Political Hate	csebuetnlp/banglabert
82089	Abusive	csebuetnlp/banglabert
506355	Political Hate	csebuetnlp/banglabert
542327	None	csebuetnlp/banglabert
691922	None	csebuetnlp/banglabert
640273	Abusive	csebuetnlp/banglabert
320130	None	csebuetnlp/banglabert
367958	None	csebuetnlp/banglabert
243866	None	csebuetnlp/banglabert
601147	Political Hate	csebuetnlp/banglabert
641554	None	csebuetnlp/banglabert
454838	None	csebuetnlp/banglabert
327255	Profane	csebuetnlp/banglabert
271180	Abusive	csebuetnlp/banglabert
452547	Political Hate	csebuetnlp/banglabert
627679	None	csebuetnlp/banglabert
651348	None	csebuetnlp/banglabert
328461	Abusive	csebuetnlp/banglabert
839448	Political Hate	csebuetnlp/banglabert
623474	Political Hate	csebuetnlp/banglabert
610269	Political Hate	csebuetnlp/banglabert
323389	Abusive	csebuetnlp/banglabert
629010	None	csebuetnlp/banglabert
9257	None	csebuetnlp/banglabert
17083	Political Hate	csebuetnlp/banglabert
797040	None	csebuetnlp/banglabert
422453	Profane	csebuetnlp/banglabert
514992	Abusive	csebuetnlp/banglabert
107986	None	csebuetnlp/banglabert
887752	Profane	csebuetnlp/banglabert
452552	Abusive	csebuetnlp/banglabert
549245	Abusive	csebuetnlp/banglabert
391592	Abusive	csebuetnlp/banglabert
819745	Abusive	csebuetnlp/banglabert
881262	None	csebuetnlp/banglabert
77103	Profane	csebuetnlp/banglabert
554417	Profane	csebuetnlp/banglabert
556605	Abusive	csebuetnlp/banglabert
145147	None	csebuetnlp/banglabert
693769	None	csebuetnlp/banglabert
330413	None	csebuetnlp/banglabert
181628	Political Hate	csebuetnlp/banglabert
744235	None	csebuetnlp/banglabert
235157	None	csebuetnlp/banglabert
3945	None	csebuetnlp/banglabert
592566	Abusive	csebuetnlp/banglabert
822682	Abusive	csebuetnlp/banglabert
398131	None	csebuetnlp/banglabert
815971	None	csebuetnlp/banglabert
6226	Abusive	csebuetnlp/banglabert
842029	Abusive	csebuetnlp/banglabert
230916	None	csebuetnlp/banglabert
358091	None	csebuetnlp/banglabert
118655	None	csebuetnlp/banglabert
81123	None	csebuetnlp/banglabert
424563	Profane	csebuetnlp/banglabert
355947	None	csebuetnlp/banglabert
539022	None	csebuetnlp/banglabert
876492	None	csebuetnlp/banglabert
532223	Profane	csebuetnlp/banglabert
267304	Abusive	csebuetnlp/banglabert
361656	None	csebuetnlp/banglabert
175343	None	csebuetnlp/banglabert
499169	Profane	csebuetnlp/banglabert
425601	Profane	csebuetnlp/banglabert
336568	None	csebuetnlp/banglabert
244155	None	csebuetnlp/banglabert
25339	None	csebuetnlp/banglabert
843785	Abusive	csebuetnlp/banglabert
816856	None	csebuetnlp/banglabert
466827	Abusive	csebuetnlp/banglabert
30825	None	csebuetnlp/banglabert
914046	None	csebuetnlp/banglabert
305092	None	csebuetnlp/banglabert
731052	None	csebuetnlp/banglabert
331086	None	csebuetnlp/banglabert
80707	Abusive	csebuetnlp/banglabert
700511	None	csebuetnlp/banglabert
759244	Political Hate	csebuetnlp/banglabert
273391	Political Hate	csebuetnlp/banglabert
157560	None	csebuetnlp/banglabert
666349	None	csebuetnlp/banglabert
118868	Abusive	csebuetnlp/banglabert
919196	None	csebuetnlp/banglabert
193304	Political Hate	csebuetnlp/banglabert
125720	None	csebuetnlp/banglabert
512574	None	csebuetnlp/banglabert
938099	None	csebuetnlp/banglabert
714519	None	csebuetnlp/banglabert
743493	None	csebuetnlp/banglabert
491880	None	csebuetnlp/banglabert
840307	Abusive	csebuetnlp/banglabert
334019	None	csebuetnlp/banglabert
576203	Profane	csebuetnlp/banglabert
762331	Political Hate	csebuetnlp/banglabert
421390	Abusive	csebuetnlp/banglabert
828741	Abusive	csebuetnlp/banglabert
357634	None	csebuetnlp/banglabert
678272	None	csebuetnlp/banglabert
330446	None	csebuetnlp/banglabert
566240	None	csebuetnlp/banglabert
829440	None	csebuetnlp/banglabert
838151	None	csebuetnlp/banglabert
358884	None	csebuetnlp/banglabert
397727	None	csebuetnlp/banglabert
171669	Political Hate	csebuetnlp/banglabert
288289	None	csebuetnlp/banglabert
187431	None	csebuetnlp/banglabert
512049	None	csebuetnlp/banglabert
335567	None	csebuetnlp/banglabert
383736	None	csebuetnlp/banglabert
535883	None	csebuetnlp/banglabert
392091	None	csebuetnlp/banglabert
454762	Profane	csebuetnlp/banglabert
614159	None	csebuetnlp/banglabert
562152	None	csebuetnlp/banglabert
483412	Profane	csebuetnlp/banglabert
537925	Abusive	csebuetnlp/banglabert
834167	None	csebuetnlp/banglabert
875193	None	csebuetnlp/banglabert
456722	Abusive	csebuetnlp/banglabert
516282	None	csebuetnlp/banglabert
257527	None	csebuetnlp/banglabert
148896	None	csebuetnlp/banglabert
760507	None	csebuetnlp/banglabert
922414	Profane	csebuetnlp/banglabert
638043	Abusive	csebuetnlp/banglabert
173467	None	csebuetnlp/banglabert
195178	Political Hate	csebuetnlp/banglabert
147724	Abusive	csebuetnlp/banglabert
194025	Political Hate	csebuetnlp/banglabert
624059	None	csebuetnlp/banglabert
107088	None	csebuetnlp/banglabert
43696	None	csebuetnlp/banglabert
527548	None	csebuetnlp/banglabert
43059	None	csebuetnlp/banglabert
194552	Profane	csebuetnlp/banglabert
895821	None	csebuetnlp/banglabert
91	Abusive	csebuetnlp/banglabert
431755	None	csebuetnlp/banglabert
563191	None	csebuetnlp/banglabert
679996	None	csebuetnlp/banglabert
738155	None	csebuetnlp/banglabert
463056	None	csebuetnlp/banglabert
533553	None	csebuetnlp/banglabert
908606	None	csebuetnlp/banglabert
459309	None	csebuetnlp/banglabert
630443	Profane	csebuetnlp/banglabert
347222	Abusive	csebuetnlp/banglabert
675724	None	csebuetnlp/banglabert
83975	Political Hate	csebuetnlp/banglabert
296851	None	csebuetnlp/banglabert
535172	None	csebuetnlp/banglabert
75581	Profane	csebuetnlp/banglabert
461746	Profane	csebuetnlp/banglabert
874016	None	csebuetnlp/banglabert
20045	Political Hate	csebuetnlp/banglabert
253489	Abusive	csebuetnlp/banglabert
553524	None	csebuetnlp/banglabert
57367	Profane	csebuetnlp/banglabert
167339	None	csebuetnlp/banglabert
594894	Political Hate	csebuetnlp/banglabert
452023	None	csebuetnlp/banglabert
795964	None	csebuetnlp/banglabert
765992	None	csebuetnlp/banglabert
508875	Abusive	csebuetnlp/banglabert
122727	Abusive	csebuetnlp/banglabert
11814	None	csebuetnlp/banglabert
544426	Abusive	csebuetnlp/banglabert
725077	None	csebuetnlp/banglabert
225212	Political Hate	csebuetnlp/banglabert
779008	None	csebuetnlp/banglabert
122184	Abusive	csebuetnlp/banglabert
584554	None	csebuetnlp/banglabert
172329	None	csebuetnlp/banglabert
167317	None	csebuetnlp/banglabert
685147	None	csebuetnlp/banglabert
294261	None	csebuetnlp/banglabert
192130	None	csebuetnlp/banglabert
425529	None	csebuetnlp/banglabert
788604	None	csebuetnlp/banglabert
501111	None	csebuetnlp/banglabert
139510	Political Hate	csebuetnlp/banglabert
43771	Abusive	csebuetnlp/banglabert
144519	Abusive	csebuetnlp/banglabert
915772	None	csebuetnlp/banglabert
411616	Political Hate	csebuetnlp/banglabert
475013	None	csebuetnlp/banglabert
809205	None	csebuetnlp/banglabert
541359	None	csebuetnlp/banglabert
845267	Abusive	csebuetnlp/banglabert
113755	None	csebuetnlp/banglabert
568511	None	csebuetnlp/banglabert
59618	Abusive	csebuetnlp/banglabert
803177	None	csebuetnlp/banglabert
858819	None	csebuetnlp/banglabert
438940	None	csebuetnlp/banglabert
570407	Profane	csebuetnlp/banglabert
129788	None	csebuetnlp/banglabert
840086	None	csebuetnlp/banglabert
637172	None	csebuetnlp/banglabert
821993	None	csebuetnlp/banglabert
325856	Abusive	csebuetnlp/banglabert
359155	None	csebuetnlp/banglabert
899842	None	csebuetnlp/banglabert
660308	None	csebuetnlp/banglabert
861989	Profane	csebuetnlp/banglabert
605443	Abusive	csebuetnlp/banglabert
27739	None	csebuetnlp/banglabert
580148	Political Hate	csebuetnlp/banglabert
528215	None	csebuetnlp/banglabert
528712	None	csebuetnlp/banglabert
100208	Political Hate	csebuetnlp/banglabert
350796	None	csebuetnlp/banglabert
307708	Profane	csebuetnlp/banglabert
162719	None	csebuetnlp/banglabert
121889	Abusive	csebuetnlp/banglabert
612317	None	csebuetnlp/banglabert
223760	Political Hate	csebuetnlp/banglabert
405579	None	csebuetnlp/banglabert
618511	Abusive	csebuetnlp/banglabert
175761	None	csebuetnlp/banglabert
748125	None	csebuetnlp/banglabert
156891	Abusive	csebuetnlp/banglabert
592641	None	csebuetnlp/banglabert
726885	None	csebuetnlp/banglabert
4254	Abusive	csebuetnlp/banglabert
682514	None	csebuetnlp/banglabert
264638	Political Hate	csebuetnlp/banglabert
534602	Abusive	csebuetnlp/banglabert
57614	Profane	csebuetnlp/banglabert
599800	Political Hate	csebuetnlp/banglabert
732787	Religious Hate	csebuetnlp/banglabert
212119	Abusive	csebuetnlp/banglabert
860927	None	csebuetnlp/banglabert
590074	Political Hate	csebuetnlp/banglabert
690276	None	csebuetnlp/banglabert
787556	None	csebuetnlp/banglabert
820252	None	csebuetnlp/banglabert
559717	None	csebuetnlp/banglabert
870003	Profane	csebuetnlp/banglabert
144906	Abusive	csebuetnlp/banglabert
133089	None	csebuetnlp/banglabert
591997	None	csebuetnlp/banglabert
395816	None	csebuetnlp/banglabert
844477	None	csebuetnlp/banglabert
178300	None	csebuetnlp/banglabert
148894	Religious Hate	csebuetnlp/banglabert
850484	Abusive	csebuetnlp/banglabert
860027	None	csebuetnlp/banglabert
247862	Political Hate	csebuetnlp/banglabert
312983	Profane	csebuetnlp/banglabert
122427	Abusive	csebuetnlp/banglabert
83755	Political Hate	csebuetnlp/banglabert
195967	Political Hate	csebuetnlp/banglabert
494458	None	csebuetnlp/banglabert
9228	None	csebuetnlp/banglabert
684602	None	csebuetnlp/banglabert
927791	None	csebuetnlp/banglabert
615666	Abusive	csebuetnlp/banglabert
599050	Political Hate	csebuetnlp/banglabert
455023	None	csebuetnlp/banglabert
819948	None	csebuetnlp/banglabert
749193	None	csebuetnlp/banglabert
623630	Abusive	csebuetnlp/banglabert
320310	None	csebuetnlp/banglabert
532308	None	csebuetnlp/banglabert
79033	None	csebuetnlp/banglabert
689620	None	csebuetnlp/banglabert
503545	None	csebuetnlp/banglabert
880433	None	csebuetnlp/banglabert
566043	None	csebuetnlp/banglabert
146502	Political Hate	csebuetnlp/banglabert
659400	None	csebuetnlp/banglabert
134693	None	csebuetnlp/banglabert
147313	None	csebuetnlp/banglabert
793773	Political Hate	csebuetnlp/banglabert
269220	Abusive	csebuetnlp/banglabert
284822	None	csebuetnlp/banglabert
722881	Political Hate	csebuetnlp/banglabert
33435	Political Hate	csebuetnlp/banglabert
626585	None	csebuetnlp/banglabert
795133	None	csebuetnlp/banglabert
342079	None	csebuetnlp/banglabert
62264	None	csebuetnlp/banglabert
350128	Abusive	csebuetnlp/banglabert
586407	None	csebuetnlp/banglabert
116562	None	csebuetnlp/banglabert
132059	Abusive	csebuetnlp/banglabert
29850	None	csebuetnlp/banglabert
334210	Abusive	csebuetnlp/banglabert
807912	Abusive	csebuetnlp/banglabert
421928	Abusive	csebuetnlp/banglabert
609522	None	csebuetnlp/banglabert
896838	Profane	csebuetnlp/banglabert
623237	Political Hate	csebuetnlp/banglabert
289648	Political Hate	csebuetnlp/banglabert
426382	None	csebuetnlp/banglabert
260072	Abusive	csebuetnlp/banglabert
186438	Abusive	csebuetnlp/banglabert
330719	Abusive	csebuetnlp/banglabert
694232	None	csebuetnlp/banglabert
659151	None	csebuetnlp/banglabert
723103	Political Hate	csebuetnlp/banglabert
269242	None	csebuetnlp/banglabert
658310	None	csebuetnlp/banglabert
284423	Profane	csebuetnlp/banglabert
471188	None	csebuetnlp/banglabert
321553	None	csebuetnlp/banglabert
23673	Abusive	csebuetnlp/banglabert
31466	None	csebuetnlp/banglabert
390734	None	csebuetnlp/banglabert
299334	None	csebuetnlp/banglabert
915160	Abusive	csebuetnlp/banglabert
886892	Political Hate	csebuetnlp/banglabert
187567	None	csebuetnlp/banglabert
716122	None	csebuetnlp/banglabert
306552	None	csebuetnlp/banglabert
556825	None	csebuetnlp/banglabert
327323	Profane	csebuetnlp/banglabert
845725	Abusive	csebuetnlp/banglabert
832828	None	csebuetnlp/banglabert
614077	Political Hate	csebuetnlp/banglabert
861156	Profane	csebuetnlp/banglabert
899235	None	csebuetnlp/banglabert
920682	None	csebuetnlp/banglabert
896115	None	csebuetnlp/banglabert
819642	None	csebuetnlp/banglabert
684624	Abusive	csebuetnlp/banglabert
671761	None	csebuetnlp/banglabert
199225	Abusive	csebuetnlp/banglabert
96018	None	csebuetnlp/banglabert
530720	None	csebuetnlp/banglabert
886768	None	csebuetnlp/banglabert
788454	Profane	csebuetnlp/banglabert
840793	None	csebuetnlp/banglabert
530660	Abusive	csebuetnlp/banglabert
764785	None	csebuetnlp/banglabert
510402	None	csebuetnlp/banglabert
797709	None	csebuetnlp/banglabert
154764	None	csebuetnlp/banglabert
758899	Abusive	csebuetnlp/banglabert
30625	None	csebuetnlp/banglabert
650748	Profane	csebuetnlp/banglabert
79978	None	csebuetnlp/banglabert
590113	None	csebuetnlp/banglabert
904047	None	csebuetnlp/banglabert
228881	None	csebuetnlp/banglabert
205983	Abusive	csebuetnlp/banglabert
638273	None	csebuetnlp/banglabert
156553	Political Hate	csebuetnlp/banglabert
146868	None	csebuetnlp/banglabert
428917	Abusive	csebuetnlp/banglabert
5567	None	csebuetnlp/banglabert
385342	Abusive	csebuetnlp/banglabert
687821	Profane	csebuetnlp/banglabert
558622	Abusive	csebuetnlp/banglabert
520964	None	csebuetnlp/banglabert
635670	None	csebuetnlp/banglabert
308809	None	csebuetnlp/banglabert
864406	Abusive	csebuetnlp/banglabert
906662	Abusive	csebuetnlp/banglabert
575658	Abusive	csebuetnlp/banglabert
394694	Abusive	csebuetnlp/banglabert
923350	Abusive	csebuetnlp/banglabert
46205	None	csebuetnlp/banglabert
855695	None	csebuetnlp/banglabert
486257	None	csebuetnlp/banglabert
276551	Profane	csebuetnlp/banglabert
587637	None	csebuetnlp/banglabert
647643	None	csebuetnlp/banglabert
148374	None	csebuetnlp/banglabert
657648	Abusive	csebuetnlp/banglabert
126155	None	csebuetnlp/banglabert
196609	Political Hate	csebuetnlp/banglabert
754547	None	csebuetnlp/banglabert
544929	None	csebuetnlp/banglabert
349354	None	csebuetnlp/banglabert
260051	Political Hate	csebuetnlp/banglabert
864433	None	csebuetnlp/banglabert
439970	Abusive	csebuetnlp/banglabert
31197	None	csebuetnlp/banglabert
884727	None	csebuetnlp/banglabert
559768	None	csebuetnlp/banglabert
581342	Political Hate	csebuetnlp/banglabert
93295	Political Hate	csebuetnlp/banglabert
765866	Abusive	csebuetnlp/banglabert
52066	None	csebuetnlp/banglabert
150858	Abusive	csebuetnlp/banglabert
825788	Profane	csebuetnlp/banglabert
737745	None	csebuetnlp/banglabert
472075	None	csebuetnlp/banglabert
782014	None	csebuetnlp/banglabert
846878	Profane	csebuetnlp/banglabert
54711	None	csebuetnlp/banglabert
195057	None	csebuetnlp/banglabert
23737	None	csebuetnlp/banglabert
262183	Political Hate	csebuetnlp/banglabert
908109	None	csebuetnlp/banglabert
747650	None	csebuetnlp/banglabert
632080	None	csebuetnlp/banglabert
451953	Political Hate	csebuetnlp/banglabert
566719	Political Hate	csebuetnlp/banglabert
160977	None	csebuetnlp/banglabert
398536	Political Hate	csebuetnlp/banglabert
671041	None	csebuetnlp/banglabert
228691	Abusive	csebuetnlp/banglabert
215202	Abusive	csebuetnlp/banglabert
467926	None	csebuetnlp/banglabert
631408	Political Hate	csebuetnlp/banglabert
57868	None	csebuetnlp/banglabert
192787	None	csebuetnlp/banglabert
336777	Political Hate	csebuetnlp/banglabert
890857	None	csebuetnlp/banglabert
691728	None	csebuetnlp/banglabert
831986	None	csebuetnlp/banglabert
644832	Abusive	csebuetnlp/banglabert
859881	None	csebuetnlp/banglabert
386166	None	csebuetnlp/banglabert
411564	None	csebuetnlp/banglabert
196840	Political Hate	csebuetnlp/banglabert
26706	Political Hate	csebuetnlp/banglabert
24433	Profane	csebuetnlp/banglabert
294784	Abusive	csebuetnlp/banglabert
329873	None	csebuetnlp/banglabert
922916	None	csebuetnlp/banglabert
263428	Profane	csebuetnlp/banglabert
879502	Abusive	csebuetnlp/banglabert
171810	Political Hate	csebuetnlp/banglabert
146419	None	csebuetnlp/banglabert
11825	Abusive	csebuetnlp/banglabert
385459	None	csebuetnlp/banglabert
837842	None	csebuetnlp/banglabert
707861	None	csebuetnlp/banglabert
256853	None	csebuetnlp/banglabert
304172	Profane	csebuetnlp/banglabert
215264	None	csebuetnlp/banglabert
30430	Abusive	csebuetnlp/banglabert
247235	None	csebuetnlp/banglabert
370427	Abusive	csebuetnlp/banglabert
495671	None	csebuetnlp/banglabert
765184	Abusive	csebuetnlp/banglabert
317397	None	csebuetnlp/banglabert
456450	None	csebuetnlp/banglabert
858602	None	csebuetnlp/banglabert
266349	Profane	csebuetnlp/banglabert
518935	None	csebuetnlp/banglabert
364371	None	csebuetnlp/banglabert
505254	None	csebuetnlp/banglabert
280647	None	csebuetnlp/banglabert
365047	Profane	csebuetnlp/banglabert
691389	Profane	csebuetnlp/banglabert
833835	None	csebuetnlp/banglabert
589316	None	csebuetnlp/banglabert
157497	None	csebuetnlp/banglabert
146479	None	csebuetnlp/banglabert
608667	Political Hate	csebuetnlp/banglabert
441810	None	csebuetnlp/banglabert
74035	Political Hate	csebuetnlp/banglabert
11550	Religious Hate	csebuetnlp/banglabert
915332	None	csebuetnlp/banglabert
688548	Profane	csebuetnlp/banglabert
714276	None	csebuetnlp/banglabert
770650	Abusive	csebuetnlp/banglabert
542146	Abusive	csebuetnlp/banglabert
37206	None	csebuetnlp/banglabert
917447	Profane	csebuetnlp/banglabert
902552	Abusive	csebuetnlp/banglabert
889894	Profane	csebuetnlp/banglabert
631606	Political Hate	csebuetnlp/banglabert
218146	None	csebuetnlp/banglabert
292282	None	csebuetnlp/banglabert
115075	Abusive	csebuetnlp/banglabert
465124	None	csebuetnlp/banglabert
711695	None	csebuetnlp/banglabert
384706	None	csebuetnlp/banglabert
293660	None	csebuetnlp/banglabert
647131	Profane	csebuetnlp/banglabert
841800	Political Hate	csebuetnlp/banglabert
254920	None	csebuetnlp/banglabert
294087	Profane	csebuetnlp/banglabert
68952	None	csebuetnlp/banglabert
636983	None	csebuetnlp/banglabert
214150	None	csebuetnlp/banglabert
600580	None	csebuetnlp/banglabert
135848	None	csebuetnlp/banglabert
490828	Abusive	csebuetnlp/banglabert
593064	None	csebuetnlp/banglabert
527973	None	csebuetnlp/banglabert
146468	None	csebuetnlp/banglabert
580206	None	csebuetnlp/banglabert
589798	None	csebuetnlp/banglabert
493901	None	csebuetnlp/banglabert
509747	None	csebuetnlp/banglabert
932687	None	csebuetnlp/banglabert
4249	Political Hate	csebuetnlp/banglabert
788252	None	csebuetnlp/banglabert
154911	Profane	csebuetnlp/banglabert
826374	None	csebuetnlp/banglabert
736209	None	csebuetnlp/banglabert
711052	None	csebuetnlp/banglabert
931495	None	csebuetnlp/banglabert
513434	None	csebuetnlp/banglabert
345031	None	csebuetnlp/banglabert
215334	None	csebuetnlp/banglabert
690423	None	csebuetnlp/banglabert
563512	Abusive	csebuetnlp/banglabert
251243	Abusive	csebuetnlp/banglabert
227927	None	csebuetnlp/banglabert
142569	Profane	csebuetnlp/banglabert
295213	Abusive	csebuetnlp/banglabert
596101	Abusive	csebuetnlp/banglabert
936853	None	csebuetnlp/banglabert
801917	None	csebuetnlp/banglabert
857995	Abusive	csebuetnlp/banglabert
95408	Abusive	csebuetnlp/banglabert
820682	Abusive	csebuetnlp/banglabert
844359	Abusive	csebuetnlp/banglabert
757905	Abusive	csebuetnlp/banglabert
723055	None	csebuetnlp/banglabert
769948	None	csebuetnlp/banglabert
243442	Political Hate	csebuetnlp/banglabert
737797	Political Hate	csebuetnlp/banglabert
27139	None	csebuetnlp/banglabert
409048	Abusive	csebuetnlp/banglabert
72034	Profane	csebuetnlp/banglabert
571451	Abusive	csebuetnlp/banglabert
932604	None	csebuetnlp/banglabert
33535	Abusive	csebuetnlp/banglabert
122341	None	csebuetnlp/banglabert
545466	None	csebuetnlp/banglabert
499900	None	csebuetnlp/banglabert
409261	None	csebuetnlp/banglabert
34096	None	csebuetnlp/banglabert
644512	None	csebuetnlp/banglabert
273846	None	csebuetnlp/banglabert
186411	Abusive	csebuetnlp/banglabert
13537	None	csebuetnlp/banglabert
307702	None	csebuetnlp/banglabert
638968	None	csebuetnlp/banglabert
598736	None	csebuetnlp/banglabert
53408	Profane	csebuetnlp/banglabert
921147	None	csebuetnlp/banglabert
66160	Profane	csebuetnlp/banglabert
83010	None	csebuetnlp/banglabert
740398	None	csebuetnlp/banglabert
780256	Abusive	csebuetnlp/banglabert
335046	Profane	csebuetnlp/banglabert
313351	Abusive	csebuetnlp/banglabert
920002	None	csebuetnlp/banglabert
37737	None	csebuetnlp/banglabert
404912	Political Hate	csebuetnlp/banglabert
168151	None	csebuetnlp/banglabert
578783	None	csebuetnlp/banglabert
82540	None	csebuetnlp/banglabert
198428	None	csebuetnlp/banglabert
201290	Political Hate	csebuetnlp/banglabert
784990	Abusive	csebuetnlp/banglabert
248346	Abusive	csebuetnlp/banglabert
417267	Political Hate	csebuetnlp/banglabert
528918	None	csebuetnlp/banglabert
56297	Abusive	csebuetnlp/banglabert
555695	None	csebuetnlp/banglabert
503608	None	csebuetnlp/banglabert
548666	None	csebuetnlp/banglabert
232167	Political Hate	csebuetnlp/banglabert
511977	None	csebuetnlp/banglabert
902284	None	csebuetnlp/banglabert
229235	Profane	csebuetnlp/banglabert
762354	Abusive	csebuetnlp/banglabert
454709	Abusive	csebuetnlp/banglabert
180085	None	csebuetnlp/banglabert
11338	Political Hate	csebuetnlp/banglabert
447030	None	csebuetnlp/banglabert
651116	None	csebuetnlp/banglabert
287127	None	csebuetnlp/banglabert
251561	Abusive	csebuetnlp/banglabert
434113	Profane	csebuetnlp/banglabert
888130	None	csebuetnlp/banglabert
919683	Abusive	csebuetnlp/banglabert
542440	None	csebuetnlp/banglabert
788941	None	csebuetnlp/banglabert
118010	Political Hate	csebuetnlp/banglabert
481002	None	csebuetnlp/banglabert
770890	None	csebuetnlp/banglabert
538540	None	csebuetnlp/banglabert
385860	None	csebuetnlp/banglabert
80855	None	csebuetnlp/banglabert
917595	Abusive	csebuetnlp/banglabert
70927	Profane	csebuetnlp/banglabert
449971	None	csebuetnlp/banglabert
529876	Abusive	csebuetnlp/banglabert
404923	Political Hate	csebuetnlp/banglabert
716044	Abusive	csebuetnlp/banglabert
235128	None	csebuetnlp/banglabert
414752	Abusive	csebuetnlp/banglabert
282830	None	csebuetnlp/banglabert
541766	None	csebuetnlp/banglabert
424715	None	csebuetnlp/banglabert
838616	None	csebuetnlp/banglabert
176833	None	csebuetnlp/banglabert
735992	None	csebuetnlp/banglabert
453195	Abusive	csebuetnlp/banglabert
479598	Political Hate	csebuetnlp/banglabert
740390	None	csebuetnlp/banglabert
695017	None	csebuetnlp/banglabert
76335	Abusive	csebuetnlp/banglabert
270852	Political Hate	csebuetnlp/banglabert
708065	None	csebuetnlp/banglabert
606816	Abusive	csebuetnlp/banglabert
206088	Political Hate	csebuetnlp/banglabert
212827	Abusive	csebuetnlp/banglabert
274373	Abusive	csebuetnlp/banglabert
111258	None	csebuetnlp/banglabert
784002	Political Hate	csebuetnlp/banglabert
211700	Abusive	csebuetnlp/banglabert
347583	Profane	csebuetnlp/banglabert
930859	Abusive	csebuetnlp/banglabert
316943	Abusive	csebuetnlp/banglabert
910354	Profane	csebuetnlp/banglabert
852545	None	csebuetnlp/banglabert
177572	None	csebuetnlp/banglabert
547211	Abusive	csebuetnlp/banglabert
336934	None	csebuetnlp/banglabert
814651	None	csebuetnlp/banglabert
419915	Abusive	csebuetnlp/banglabert
626302	None	csebuetnlp/banglabert
196688	Abusive	csebuetnlp/banglabert
623013	None	csebuetnlp/banglabert
434820	None	csebuetnlp/banglabert
425654	Religious Hate	csebuetnlp/banglabert
79974	Abusive	csebuetnlp/banglabert
386889	None	csebuetnlp/banglabert
610277	Political Hate	csebuetnlp/banglabert
205726	Abusive	csebuetnlp/banglabert
620890	Political Hate	csebuetnlp/banglabert
767995	None	csebuetnlp/banglabert
809007	Abusive	csebuetnlp/banglabert
441520	None	csebuetnlp/banglabert
913659	Abusive	csebuetnlp/banglabert
360611	None	csebuetnlp/banglabert
287734	Political Hate	csebuetnlp/banglabert
905814	None	csebuetnlp/banglabert
815224	None	csebuetnlp/banglabert
244696	Political Hate	csebuetnlp/banglabert
112362	Political Hate	csebuetnlp/banglabert
837061	None	csebuetnlp/banglabert
469475	None	csebuetnlp/banglabert
49053	None	csebuetnlp/banglabert
67722	Abusive	csebuetnlp/banglabert
862123	None	csebuetnlp/banglabert
359926	Abusive	csebuetnlp/banglabert
58467	None	csebuetnlp/banglabert
242064	None	csebuetnlp/banglabert
556969	Profane	csebuetnlp/banglabert
267300	None	csebuetnlp/banglabert
390626	Profane	csebuetnlp/banglabert
420135	None	csebuetnlp/banglabert
152122	None	csebuetnlp/banglabert
836236	None	csebuetnlp/banglabert
797488	Political Hate	csebuetnlp/banglabert
622909	None	csebuetnlp/banglabert
895011	Abusive	csebuetnlp/banglabert
882194	Abusive	csebuetnlp/banglabert
75596	None	csebuetnlp/banglabert
392774	Political Hate	csebuetnlp/banglabert
697383	None	csebuetnlp/banglabert
37458	None	csebuetnlp/banglabert
341828	None	csebuetnlp/banglabert
580586	None	csebuetnlp/banglabert
704812	None	csebuetnlp/banglabert
499112	None	csebuetnlp/banglabert
937103	Abusive	csebuetnlp/banglabert
510980	Profane	csebuetnlp/banglabert
517470	Abusive	csebuetnlp/banglabert
425835	Political Hate	csebuetnlp/banglabert
847555	Political Hate	csebuetnlp/banglabert
55580	Abusive	csebuetnlp/banglabert
912551	Profane	csebuetnlp/banglabert
873778	None	csebuetnlp/banglabert
850066	Political Hate	csebuetnlp/banglabert
874043	None	csebuetnlp/banglabert
842140	Political Hate	csebuetnlp/banglabert
249516	None	csebuetnlp/banglabert
883107	Political Hate	csebuetnlp/banglabert
171088	None	csebuetnlp/banglabert
834348	Abusive	csebuetnlp/banglabert
260511	None	csebuetnlp/banglabert
747543	Abusive	csebuetnlp/banglabert
798061	None	csebuetnlp/banglabert
858296	None	csebuetnlp/banglabert
370524	None	csebuetnlp/banglabert
33709	None	csebuetnlp/banglabert
285570	None	csebuetnlp/banglabert
794925	None	csebuetnlp/banglabert
895463	None	csebuetnlp/banglabert
778909	None	csebuetnlp/banglabert
54033	None	csebuetnlp/banglabert
789905	None	csebuetnlp/banglabert
928455	Abusive	csebuetnlp/banglabert
903244	None	csebuetnlp/banglabert
886945	None	csebuetnlp/banglabert
638355	Political Hate	csebuetnlp/banglabert
630520	None	csebuetnlp/banglabert
672070	Political Hate	csebuetnlp/banglabert
862937	None	csebuetnlp/banglabert
478805	None	csebuetnlp/banglabert
772528	Political Hate	csebuetnlp/banglabert
518431	None	csebuetnlp/banglabert
280350	None	csebuetnlp/banglabert
363404	None	csebuetnlp/banglabert
794248	None	csebuetnlp/banglabert
807255	None	csebuetnlp/banglabert
66980	Political Hate	csebuetnlp/banglabert
152001	Abusive	csebuetnlp/banglabert
781177	None	csebuetnlp/banglabert
447772	None	csebuetnlp/banglabert
99458	None	csebuetnlp/banglabert
828336	None	csebuetnlp/banglabert
61667	Political Hate	csebuetnlp/banglabert
750355	None	csebuetnlp/banglabert
59248	None	csebuetnlp/banglabert
706130	None	csebuetnlp/banglabert
247384	Abusive	csebuetnlp/banglabert
91256	Profane	csebuetnlp/banglabert
45198	Political Hate	csebuetnlp/banglabert
475615	None	csebuetnlp/banglabert
809901	None	csebuetnlp/banglabert
850232	Abusive	csebuetnlp/banglabert
928676	None	csebuetnlp/banglabert
354579	None	csebuetnlp/banglabert
702680	None	csebuetnlp/banglabert
140349	None	csebuetnlp/banglabert
369414	Political Hate	csebuetnlp/banglabert
890355	None	csebuetnlp/banglabert
827756	Abusive	csebuetnlp/banglabert
909607	None	csebuetnlp/banglabert
650140	None	csebuetnlp/banglabert
936499	Abusive	csebuetnlp/banglabert
632121	None	csebuetnlp/banglabert
130390	Profane	csebuetnlp/banglabert
748439	Abusive	csebuetnlp/banglabert
18941	None	csebuetnlp/banglabert
165040	None	csebuetnlp/banglabert
146666	None	csebuetnlp/banglabert
671364	None	csebuetnlp/banglabert
241643	Political Hate	csebuetnlp/banglabert
728148	None	csebuetnlp/banglabert
418768	Abusive	csebuetnlp/banglabert
507313	Abusive	csebuetnlp/banglabert
122056	Political Hate	csebuetnlp/banglabert
429232	Political Hate	csebuetnlp/banglabert
936443	Abusive	csebuetnlp/banglabert
63195	None	csebuetnlp/banglabert
347924	None	csebuetnlp/banglabert
239634	None	csebuetnlp/banglabert
685874	Political Hate	csebuetnlp/banglabert
785301	Abusive	csebuetnlp/banglabert
205145	None	csebuetnlp/banglabert
895764	None	csebuetnlp/banglabert
744814	None	csebuetnlp/banglabert
711915	None	csebuetnlp/banglabert
538881	Abusive	csebuetnlp/banglabert
423994	None	csebuetnlp/banglabert
747992	None	csebuetnlp/banglabert
907822	None	csebuetnlp/banglabert
319476	None	csebuetnlp/banglabert
328982	Abusive	csebuetnlp/banglabert
920039	None	csebuetnlp/banglabert
14595	None	csebuetnlp/banglabert
316259	Profane	csebuetnlp/banglabert
874684	Profane	csebuetnlp/banglabert
147374	Political Hate	csebuetnlp/banglabert
580566	None	csebuetnlp/banglabert
309030	Profane	csebuetnlp/banglabert
115329	Political Hate	csebuetnlp/banglabert
196330	None	csebuetnlp/banglabert
493326	Abusive	csebuetnlp/banglabert
312918	None	csebuetnlp/banglabert
202721	None	csebuetnlp/banglabert
350137	None	csebuetnlp/banglabert
534191	None	csebuetnlp/banglabert
906802	None	csebuetnlp/banglabert
264542	Abusive	csebuetnlp/banglabert
617888	Political Hate	csebuetnlp/banglabert
860457	None	csebuetnlp/banglabert
420009	None	csebuetnlp/banglabert
787063	None	csebuetnlp/banglabert
785414	Religious Hate	csebuetnlp/banglabert
81862	Profane	csebuetnlp/banglabert
662064	None	csebuetnlp/banglabert
827901	Abusive	csebuetnlp/banglabert
142369	None	csebuetnlp/banglabert
758258	None	csebuetnlp/banglabert
863008	Abusive	csebuetnlp/banglabert
844816	None	csebuetnlp/banglabert
788206	None	csebuetnlp/banglabert
88124	None	csebuetnlp/banglabert
480429	None	csebuetnlp/banglabert
849632	None	csebuetnlp/banglabert
923478	Abusive	csebuetnlp/banglabert
135535	None	csebuetnlp/banglabert
182108	None	csebuetnlp/banglabert
377804	None	csebuetnlp/banglabert
556981	None	csebuetnlp/banglabert
682191	None	csebuetnlp/banglabert
296481	None	csebuetnlp/banglabert
258690	Political Hate	csebuetnlp/banglabert
648686	Abusive	csebuetnlp/banglabert
146254	None	csebuetnlp/banglabert
191274	Political Hate	csebuetnlp/banglabert
685372	None	csebuetnlp/banglabert
150193	None	csebuetnlp/banglabert
161821	Abusive	csebuetnlp/banglabert
143688	Abusive	csebuetnlp/banglabert
133473	None	csebuetnlp/banglabert
380049	Political Hate	csebuetnlp/banglabert
340559	None	csebuetnlp/banglabert
100142	None	csebuetnlp/banglabert
317419	None	csebuetnlp/banglabert
717800	None	csebuetnlp/banglabert
477055	Abusive	csebuetnlp/banglabert
496575	Abusive	csebuetnlp/banglabert
855557	None	csebuetnlp/banglabert
276303	Political Hate	csebuetnlp/banglabert
351198	Profane	csebuetnlp/banglabert
829783	None	csebuetnlp/banglabert
367132	Profane	csebuetnlp/banglabert
641785	Abusive	csebuetnlp/banglabert
379053	None	csebuetnlp/banglabert
593153	Abusive	csebuetnlp/banglabert
532096	None	csebuetnlp/banglabert
541335	None	csebuetnlp/banglabert
555100	Political Hate	csebuetnlp/banglabert
248630	Profane	csebuetnlp/banglabert
755985	Abusive	csebuetnlp/banglabert
330068	Political Hate	csebuetnlp/banglabert
748877	None	csebuetnlp/banglabert
225802	None	csebuetnlp/banglabert
865982	None	csebuetnlp/banglabert
471207	None	csebuetnlp/banglabert
455365	None	csebuetnlp/banglabert
672031	None	csebuetnlp/banglabert
885735	None	csebuetnlp/banglabert
41893	Political Hate	csebuetnlp/banglabert
260881	None	csebuetnlp/banglabert
774654	None	csebuetnlp/banglabert
440552	None	csebuetnlp/banglabert
283397	None	csebuetnlp/banglabert
882150	None	csebuetnlp/banglabert
760852	None	csebuetnlp/banglabert
884094	None	csebuetnlp/banglabert
741510	None	csebuetnlp/banglabert
560164	Profane	csebuetnlp/banglabert
477574	None	csebuetnlp/banglabert
15942	None	csebuetnlp/banglabert
340456	None	csebuetnlp/banglabert
414341	None	csebuetnlp/banglabert
196955	None	csebuetnlp/banglabert
191208	Political Hate	csebuetnlp/banglabert
244900	Abusive	csebuetnlp/banglabert
125453	Political Hate	csebuetnlp/banglabert
330381	Abusive	csebuetnlp/banglabert
844322	Abusive	csebuetnlp/banglabert
742255	Abusive	csebuetnlp/banglabert
531576	None	csebuetnlp/banglabert
804997	None	csebuetnlp/banglabert
572040	Political Hate	csebuetnlp/banglabert
12508	None	csebuetnlp/banglabert
13692	Abusive	csebuetnlp/banglabert
431332	Abusive	csebuetnlp/banglabert
222805	Abusive	csebuetnlp/banglabert
575884	Abusive	csebuetnlp/banglabert
526093	None	csebuetnlp/banglabert
440877	None	csebuetnlp/banglabert
599709	None	csebuetnlp/banglabert
864563	None	csebuetnlp/banglabert
78839	Abusive	csebuetnlp/banglabert
111	Abusive	csebuetnlp/banglabert
95463	Abusive	csebuetnlp/banglabert
495836	None	csebuetnlp/banglabert
853192	Abusive	csebuetnlp/banglabert
645187	Abusive	csebuetnlp/banglabert
716428	Abusive	csebuetnlp/banglabert
70540	Abusive	csebuetnlp/banglabert
620335	None	csebuetnlp/banglabert
618922	None	csebuetnlp/banglabert
292521	None	csebuetnlp/banglabert
374329	None	csebuetnlp/banglabert
749851	None	csebuetnlp/banglabert
786718	None	csebuetnlp/banglabert
243476	Political Hate	csebuetnlp/banglabert
309574	Profane	csebuetnlp/banglabert
502189	Political Hate	csebuetnlp/banglabert
310058	None	csebuetnlp/banglabert
547459	Political Hate	csebuetnlp/banglabert
669697	None	csebuetnlp/banglabert
615307	None	csebuetnlp/banglabert
886670	None	csebuetnlp/banglabert
342705	None	csebuetnlp/banglabert
545877	Abusive	csebuetnlp/banglabert
463794	None	csebuetnlp/banglabert
796637	None	csebuetnlp/banglabert
468421	Abusive	csebuetnlp/banglabert
852941	None	csebuetnlp/banglabert
5937	Abusive	csebuetnlp/banglabert
848908	Political Hate	csebuetnlp/banglabert
935715	None	csebuetnlp/banglabert
635119	Abusive	csebuetnlp/banglabert
200107	Political Hate	csebuetnlp/banglabert
833350	None	csebuetnlp/banglabert
610487	Political Hate	csebuetnlp/banglabert
877527	None	csebuetnlp/banglabert
602480	None	csebuetnlp/banglabert
481722	None	csebuetnlp/banglabert
489986	Profane	csebuetnlp/banglabert
720093	Abusive	csebuetnlp/banglabert
924402	Abusive	csebuetnlp/banglabert
911276	Abusive	csebuetnlp/banglabert
696728	Abusive	csebuetnlp/banglabert
506533	Abusive	csebuetnlp/banglabert
878562	Abusive	csebuetnlp/banglabert
523281	None	csebuetnlp/banglabert
896755	None	csebuetnlp/banglabert
598409	Abusive	csebuetnlp/banglabert
831752	Abusive	csebuetnlp/banglabert
322711	Abusive	csebuetnlp/banglabert
61823	None	csebuetnlp/banglabert
811164	None	csebuetnlp/banglabert
549355	Profane	csebuetnlp/banglabert
829055	Abusive	csebuetnlp/banglabert
380227	None	csebuetnlp/banglabert
932515	None	csebuetnlp/banglabert
472535	None	csebuetnlp/banglabert
60136	None	csebuetnlp/banglabert
339636	Abusive	csebuetnlp/banglabert
575878	Abusive	csebuetnlp/banglabert
378299	None	csebuetnlp/banglabert
193320	None	csebuetnlp/banglabert
738016	None	csebuetnlp/banglabert
189787	None	csebuetnlp/banglabert
335516	Abusive	csebuetnlp/banglabert
283644	Political Hate	csebuetnlp/banglabert
244035	Abusive	csebuetnlp/banglabert
679551	Political Hate	csebuetnlp/banglabert
737260	None	csebuetnlp/banglabert
566789	Political Hate	csebuetnlp/banglabert
701258	Abusive	csebuetnlp/banglabert
78373	Abusive	csebuetnlp/banglabert
88648	None	csebuetnlp/banglabert
816345	Political Hate	csebuetnlp/banglabert
203094	Political Hate	csebuetnlp/banglabert
115932	None	csebuetnlp/banglabert
383904	None	csebuetnlp/banglabert
896076	None	csebuetnlp/banglabert
280078	Abusive	csebuetnlp/banglabert
853897	Abusive	csebuetnlp/banglabert
651831	Political Hate	csebuetnlp/banglabert
241704	Political Hate	csebuetnlp/banglabert
467218	None	csebuetnlp/banglabert
348851	Abusive	csebuetnlp/banglabert
39268	None	csebuetnlp/banglabert
195742	None	csebuetnlp/banglabert
624006	Political Hate	csebuetnlp/banglabert
821714	Abusive	csebuetnlp/banglabert
932881	None	csebuetnlp/banglabert
927697	Abusive	csebuetnlp/banglabert
561831	Political Hate	csebuetnlp/banglabert
147405	Abusive	csebuetnlp/banglabert
494714	None	csebuetnlp/banglabert
94452	None	csebuetnlp/banglabert
109748	Abusive	csebuetnlp/banglabert
178516	None	csebuetnlp/banglabert
523045	Abusive	csebuetnlp/banglabert
929718	Profane	csebuetnlp/banglabert
7512	None	csebuetnlp/banglabert
497912	None	csebuetnlp/banglabert
3934	Political Hate	csebuetnlp/banglabert
266354	Political Hate	csebuetnlp/banglabert
50344	None	csebuetnlp/banglabert
546395	None	csebuetnlp/banglabert
859986	Abusive	csebuetnlp/banglabert
95001	Profane	csebuetnlp/banglabert
228080	Abusive	csebuetnlp/banglabert
102582	Political Hate	csebuetnlp/banglabert
807409	None	csebuetnlp/banglabert
935706	Abusive	csebuetnlp/banglabert
385956	Political Hate	csebuetnlp/banglabert
876039	None	csebuetnlp/banglabert
157415	None	csebuetnlp/banglabert
205465	Profane	csebuetnlp/banglabert
615005	Political Hate	csebuetnlp/banglabert
240869	Abusive	csebuetnlp/banglabert
372994	Abusive	csebuetnlp/banglabert
444019	None	csebuetnlp/banglabert
472721	None	csebuetnlp/banglabert
901710	None	csebuetnlp/banglabert
123394	Profane	csebuetnlp/banglabert
758190	Political Hate	csebuetnlp/banglabert
828286	Profane	csebuetnlp/banglabert
107763	Abusive	csebuetnlp/banglabert
676389	Abusive	csebuetnlp/banglabert
923219	None	csebuetnlp/banglabert
886300	None	csebuetnlp/banglabert
41268	None	csebuetnlp/banglabert
452043	Abusive	csebuetnlp/banglabert
24785	None	csebuetnlp/banglabert
214082	Political Hate	csebuetnlp/banglabert
139162	Abusive	csebuetnlp/banglabert
760971	None	csebuetnlp/banglabert
12874	Abusive	csebuetnlp/banglabert
716891	None	csebuetnlp/banglabert
359727	Religious Hate	csebuetnlp/banglabert
114631	Political Hate	csebuetnlp/banglabert
801584	None	csebuetnlp/banglabert
634663	None	csebuetnlp/banglabert
62360	None	csebuetnlp/banglabert
48313	Abusive	csebuetnlp/banglabert
34938	None	csebuetnlp/banglabert
675816	None	csebuetnlp/banglabert
414879	None	csebuetnlp/banglabert
640288	None	csebuetnlp/banglabert
94822	Abusive	csebuetnlp/banglabert
166996	None	csebuetnlp/banglabert
120572	None	csebuetnlp/banglabert
111193	Abusive	csebuetnlp/banglabert
369225	None	csebuetnlp/banglabert
184411	Political Hate	csebuetnlp/banglabert
707555	None	csebuetnlp/banglabert
566720	Profane	csebuetnlp/banglabert
140176	None	csebuetnlp/banglabert
38817	None	csebuetnlp/banglabert
227515	Political Hate	csebuetnlp/banglabert
899295	None	csebuetnlp/banglabert
926615	Political Hate	csebuetnlp/banglabert
221727	None	csebuetnlp/banglabert
70567	Abusive	csebuetnlp/banglabert
465292	None	csebuetnlp/banglabert
769162	None	csebuetnlp/banglabert
848690	Profane	csebuetnlp/banglabert
119707	None	csebuetnlp/banglabert
931034	Abusive	csebuetnlp/banglabert
79612	None	csebuetnlp/banglabert
135661	Abusive	csebuetnlp/banglabert
738000	None	csebuetnlp/banglabert
35449	None	csebuetnlp/banglabert
763819	None	csebuetnlp/banglabert
53316	None	csebuetnlp/banglabert
466063	Profane	csebuetnlp/banglabert
348338	None	csebuetnlp/banglabert
934615	None	csebuetnlp/banglabert
834548	None	csebuetnlp/banglabert
180175	None	csebuetnlp/banglabert
228243	None	csebuetnlp/banglabert
826578	Religious Hate	csebuetnlp/banglabert
185010	Political Hate	csebuetnlp/banglabert
639126	Political Hate	csebuetnlp/banglabert
849059	Political Hate	csebuetnlp/banglabert
856980	Political Hate	csebuetnlp/banglabert
388739	Abusive	csebuetnlp/banglabert
835399	Profane	csebuetnlp/banglabert
765271	Abusive	csebuetnlp/banglabert
244804	None	csebuetnlp/banglabert
867962	None	csebuetnlp/banglabert
741333	Abusive	csebuetnlp/banglabert
249350	None	csebuetnlp/banglabert
713791	None	csebuetnlp/banglabert
306999	None	csebuetnlp/banglabert
28556	Political Hate	csebuetnlp/banglabert
74299	Abusive	csebuetnlp/banglabert
314054	Profane	csebuetnlp/banglabert
558703	None	csebuetnlp/banglabert
14963	Abusive	csebuetnlp/banglabert
422635	None	csebuetnlp/banglabert
470543	Profane	csebuetnlp/banglabert
570107	None	csebuetnlp/banglabert
729521	Profane	csebuetnlp/banglabert
567295	Political Hate	csebuetnlp/banglabert
44606	Political Hate	csebuetnlp/banglabert
561963	None	csebuetnlp/banglabert
630365	None	csebuetnlp/banglabert
903565	None	csebuetnlp/banglabert
738879	None	csebuetnlp/banglabert
390607	None	csebuetnlp/banglabert
692550	None	csebuetnlp/banglabert
55949	Abusive	csebuetnlp/banglabert
454064	None	csebuetnlp/banglabert
837235	None	csebuetnlp/banglabert
371918	None	csebuetnlp/banglabert
848781	Abusive	csebuetnlp/banglabert
912473	None	csebuetnlp/banglabert
469957	None	csebuetnlp/banglabert
110797	Abusive	csebuetnlp/banglabert
693434	Abusive	csebuetnlp/banglabert
78406	None	csebuetnlp/banglabert
46963	None	csebuetnlp/banglabert
57709	Profane	csebuetnlp/banglabert
789298	Abusive	csebuetnlp/banglabert
809835	None	csebuetnlp/banglabert
214396	Profane	csebuetnlp/banglabert
622943	None	csebuetnlp/banglabert
443407	None	csebuetnlp/banglabert
327587	Abusive	csebuetnlp/banglabert
437844	None	csebuetnlp/banglabert
221872	None	csebuetnlp/banglabert
336045	None	csebuetnlp/banglabert
375881	None	csebuetnlp/banglabert
430379	Abusive	csebuetnlp/banglabert
169430	None	csebuetnlp/banglabert
294172	None	csebuetnlp/banglabert
89541	None	csebuetnlp/banglabert
268632	Abusive	csebuetnlp/banglabert
805518	None	csebuetnlp/banglabert
566818	Political Hate	csebuetnlp/banglabert
607062	Abusive	csebuetnlp/banglabert
867573	None	csebuetnlp/banglabert
605692	Political Hate	csebuetnlp/banglabert
326477	Abusive	csebuetnlp/banglabert
509063	None	csebuetnlp/banglabert
232984	None	csebuetnlp/banglabert
153943	Political Hate	csebuetnlp/banglabert
689880	Political Hate	csebuetnlp/banglabert
319374	Political Hate	csebuetnlp/banglabert
742836	None	csebuetnlp/banglabert
238027	Political Hate	csebuetnlp/banglabert
293070	Abusive	csebuetnlp/banglabert
852509	Abusive	csebuetnlp/banglabert
113697	None	csebuetnlp/banglabert
404559	Political Hate	csebuetnlp/banglabert
367504	Abusive	csebuetnlp/banglabert
312455	Abusive	csebuetnlp/banglabert
95986	None	csebuetnlp/banglabert
250108	Abusive	csebuetnlp/banglabert
306720	Abusive	csebuetnlp/banglabert
827471	Abusive	csebuetnlp/banglabert
409654	Profane	csebuetnlp/banglabert
179580	None	csebuetnlp/banglabert
54157	Abusive	csebuetnlp/banglabert
565214	None	csebuetnlp/banglabert
157628	None	csebuetnlp/banglabert
524389	None	csebuetnlp/banglabert
625151	Political Hate	csebuetnlp/banglabert
41456	None	csebuetnlp/banglabert
809670	Profane	csebuetnlp/banglabert
470773	None	csebuetnlp/banglabert
139862	None	csebuetnlp/banglabert
526507	Abusive	csebuetnlp/banglabert
788998	None	csebuetnlp/banglabert
360237	None	csebuetnlp/banglabert
851562	None	csebuetnlp/banglabert
672289	Abusive	csebuetnlp/banglabert
748338	Abusive	csebuetnlp/banglabert
160373	Abusive	csebuetnlp/banglabert
722951	None	csebuetnlp/banglabert
57770	Religious Hate	csebuetnlp/banglabert
826087	None	csebuetnlp/banglabert
374588	Abusive	csebuetnlp/banglabert
410682	Political Hate	csebuetnlp/banglabert
772372	Abusive	csebuetnlp/banglabert
84041	Profane	csebuetnlp/banglabert
216995	Abusive	csebuetnlp/banglabert
463848	None	csebuetnlp/banglabert
478943	Abusive	csebuetnlp/banglabert
742536	None	csebuetnlp/banglabert
642569	Abusive	csebuetnlp/banglabert
178538	Political Hate	csebuetnlp/banglabert
489884	None	csebuetnlp/banglabert
656697	None	csebuetnlp/banglabert
309209	None	csebuetnlp/banglabert
887989	None	csebuetnlp/banglabert
660054	None	csebuetnlp/banglabert
210475	Abusive	csebuetnlp/banglabert
209867	Profane	csebuetnlp/banglabert
467547	None	csebuetnlp/banglabert
851586	Abusive	csebuetnlp/banglabert
14311	Abusive	csebuetnlp/banglabert
793203	Abusive	csebuetnlp/banglabert
123927	None	csebuetnlp/banglabert
717771	None	csebuetnlp/banglabert
584197	None	csebuetnlp/banglabert
79868	None	csebuetnlp/banglabert
516666	Abusive	csebuetnlp/banglabert
723962	None	csebuetnlp/banglabert
14579	Abusive	csebuetnlp/banglabert
257737	None	csebuetnlp/banglabert
540902	None	csebuetnlp/banglabert
508957	Abusive	csebuetnlp/banglabert
41334	Abusive	csebuetnlp/banglabert
465546	Abusive	csebuetnlp/banglabert
526152	None	csebuetnlp/banglabert
282038	Abusive	csebuetnlp/banglabert
911747	Profane	csebuetnlp/banglabert
709732	None	csebuetnlp/banglabert
151980	Abusive	csebuetnlp/banglabert
257257	Abusive	csebuetnlp/banglabert
843966	Abusive	csebuetnlp/banglabert
464017	Political Hate	csebuetnlp/banglabert
619782	None	csebuetnlp/banglabert
284724	None	csebuetnlp/banglabert
134346	None	csebuetnlp/banglabert
255352	None	csebuetnlp/banglabert
483319	None	csebuetnlp/banglabert
540781	None	csebuetnlp/banglabert
339456	None	csebuetnlp/banglabert
193515	None	csebuetnlp/banglabert
493695	Political Hate	csebuetnlp/banglabert
627681	None	csebuetnlp/banglabert
756726	Religious Hate	csebuetnlp/banglabert
405826	None	csebuetnlp/banglabert
815800	None	csebuetnlp/banglabert
774003	None	csebuetnlp/banglabert
928355	None	csebuetnlp/banglabert
105802	Abusive	csebuetnlp/banglabert
849930	None	csebuetnlp/banglabert
314150	Abusive	csebuetnlp/banglabert
118315	None	csebuetnlp/banglabert
594020	None	csebuetnlp/banglabert
930997	None	csebuetnlp/banglabert
878173	None	csebuetnlp/banglabert
745693	Abusive	csebuetnlp/banglabert
88560	None	csebuetnlp/banglabert
837331	Profane	csebuetnlp/banglabert
313856	Abusive	csebuetnlp/banglabert
721573	None	csebuetnlp/banglabert
885365	None	csebuetnlp/banglabert
548204	Political Hate	csebuetnlp/banglabert
377118	Abusive	csebuetnlp/banglabert
649908	None	csebuetnlp/banglabert
626634	None	csebuetnlp/banglabert
719540	None	csebuetnlp/banglabert
155405	None	csebuetnlp/banglabert
625156	Political Hate	csebuetnlp/banglabert
731578	Political Hate	csebuetnlp/banglabert
248789	None	csebuetnlp/banglabert
812915	None	csebuetnlp/banglabert
639994	Political Hate	csebuetnlp/banglabert
243292	None	csebuetnlp/banglabert
308220	None	csebuetnlp/banglabert
411431	None	csebuetnlp/banglabert
418309	Profane	csebuetnlp/banglabert
619262	None	csebuetnlp/banglabert
564804	Political Hate	csebuetnlp/banglabert
506045	Abusive	csebuetnlp/banglabert
81503	None	csebuetnlp/banglabert
268827	Abusive	csebuetnlp/banglabert
909369	None	csebuetnlp/banglabert
803096	None	csebuetnlp/banglabert
583923	None	csebuetnlp/banglabert
493493	Abusive	csebuetnlp/banglabert
890157	Abusive	csebuetnlp/banglabert
225488	Abusive	csebuetnlp/banglabert
291584	None	csebuetnlp/banglabert
7001	Abusive	csebuetnlp/banglabert
848619	None	csebuetnlp/banglabert
873544	None	csebuetnlp/banglabert
871485	None	csebuetnlp/banglabert
515296	None	csebuetnlp/banglabert
17928	Abusive	csebuetnlp/banglabert
799555	Profane	csebuetnlp/banglabert
906324	Political Hate	csebuetnlp/banglabert
416633	None	csebuetnlp/banglabert
936028	None	csebuetnlp/banglabert
938949	None	csebuetnlp/banglabert
120599	Political Hate	csebuetnlp/banglabert
743154	None	csebuetnlp/banglabert
588338	None	csebuetnlp/banglabert
278691	Abusive	csebuetnlp/banglabert
209557	None	csebuetnlp/banglabert
572974	Political Hate	csebuetnlp/banglabert
707146	None	csebuetnlp/banglabert
682574	None	csebuetnlp/banglabert
897946	None	csebuetnlp/banglabert
594930	Political Hate	csebuetnlp/banglabert
177580	None	csebuetnlp/banglabert
446305	Political Hate	csebuetnlp/banglabert
642522	None	csebuetnlp/banglabert
710229	None	csebuetnlp/banglabert
109650	Political Hate	csebuetnlp/banglabert
166059	None	csebuetnlp/banglabert
324766	Profane	csebuetnlp/banglabert
274593	Political Hate	csebuetnlp/banglabert
732149	None	csebuetnlp/banglabert
922697	None	csebuetnlp/banglabert
436440	None	csebuetnlp/banglabert
147243	None	csebuetnlp/banglabert
113041	None	csebuetnlp/banglabert
136214	None	csebuetnlp/banglabert
459985	None	csebuetnlp/banglabert
14811	None	csebuetnlp/banglabert
87990	Abusive	csebuetnlp/banglabert
888281	None	csebuetnlp/banglabert
142305	None	csebuetnlp/banglabert
40807	None	csebuetnlp/banglabert
379491	None	csebuetnlp/banglabert
748378	Abusive	csebuetnlp/banglabert
189272	Political Hate	csebuetnlp/banglabert
462995	Political Hate	csebuetnlp/banglabert
238640	Abusive	csebuetnlp/banglabert
624763	Political Hate	csebuetnlp/banglabert
132838	None	csebuetnlp/banglabert
936999	None	csebuetnlp/banglabert
478162	None	csebuetnlp/banglabert
836153	Abusive	csebuetnlp/banglabert
191692	Abusive	csebuetnlp/banglabert
144991	Abusive	csebuetnlp/banglabert
575280	Abusive	csebuetnlp/banglabert
767542	Abusive	csebuetnlp/banglabert
938392	Abusive	csebuetnlp/banglabert
625756	None	csebuetnlp/banglabert
591958	None	csebuetnlp/banglabert
777873	None	csebuetnlp/banglabert
382296	Abusive	csebuetnlp/banglabert
853958	Abusive	csebuetnlp/banglabert
689376	None	csebuetnlp/banglabert
667476	Abusive	csebuetnlp/banglabert
555124	None	csebuetnlp/banglabert
553769	Abusive	csebuetnlp/banglabert
779775	Abusive	csebuetnlp/banglabert
175226	None	csebuetnlp/banglabert
221245	Political Hate	csebuetnlp/banglabert
357659	None	csebuetnlp/banglabert
19345	None	csebuetnlp/banglabert
359530	Political Hate	csebuetnlp/banglabert
897931	None	csebuetnlp/banglabert
730685	None	csebuetnlp/banglabert
112406	Political Hate	csebuetnlp/banglabert
931965	None	csebuetnlp/banglabert
237018	None	csebuetnlp/banglabert
448776	None	csebuetnlp/banglabert
85034	Abusive	csebuetnlp/banglabert
311670	Abusive	csebuetnlp/banglabert
441297	Profane	csebuetnlp/banglabert
517000	None	csebuetnlp/banglabert
96319	Abusive	csebuetnlp/banglabert
418882	Abusive	csebuetnlp/banglabert
155075	None	csebuetnlp/banglabert
12231	Political Hate	csebuetnlp/banglabert
413056	Abusive	csebuetnlp/banglabert
907236	None	csebuetnlp/banglabert
604934	Political Hate	csebuetnlp/banglabert
838580	Abusive	csebuetnlp/banglabert
717687	None	csebuetnlp/banglabert
197189	Political Hate	csebuetnlp/banglabert
855820	Abusive	csebuetnlp/banglabert
182568	None	csebuetnlp/banglabert
320842	None	csebuetnlp/banglabert
879729	None	csebuetnlp/banglabert
14189	Political Hate	csebuetnlp/banglabert
740123	None	csebuetnlp/banglabert
286498	Profane	csebuetnlp/banglabert
453161	Abusive	csebuetnlp/banglabert
698304	None	csebuetnlp/banglabert
569119	None	csebuetnlp/banglabert
395594	None	csebuetnlp/banglabert
540215	None	csebuetnlp/banglabert
771499	None	csebuetnlp/banglabert
18282	None	csebuetnlp/banglabert
438340	Abusive	csebuetnlp/banglabert
750831	None	csebuetnlp/banglabert
422062	None	csebuetnlp/banglabert
252381	None	csebuetnlp/banglabert
128299	Profane	csebuetnlp/banglabert
82059	Political Hate	csebuetnlp/banglabert
440675	None	csebuetnlp/banglabert
303717	None	csebuetnlp/banglabert
799599	None	csebuetnlp/banglabert
460943	None	csebuetnlp/banglabert
385684	Religious Hate	csebuetnlp/banglabert
279316	None	csebuetnlp/banglabert
775008	Political Hate	csebuetnlp/banglabert
591611	None	csebuetnlp/banglabert
381277	None	csebuetnlp/banglabert
784997	None	csebuetnlp/banglabert
491267	None	csebuetnlp/banglabert
899392	Abusive	csebuetnlp/banglabert
12717	Abusive	csebuetnlp/banglabert
494312	None	csebuetnlp/banglabert
103228	Political Hate	csebuetnlp/banglabert
295335	None	csebuetnlp/banglabert
316645	None	csebuetnlp/banglabert
645657	Abusive	csebuetnlp/banglabert
205048	Political Hate	csebuetnlp/banglabert
169403	Religious Hate	csebuetnlp/banglabert
471808	None	csebuetnlp/banglabert
548377	Abusive	csebuetnlp/banglabert
574374	Political Hate	csebuetnlp/banglabert
376266	None	csebuetnlp/banglabert
137128	None	csebuetnlp/banglabert
84681	Abusive	csebuetnlp/banglabert
869682	None	csebuetnlp/banglabert
522322	Profane	csebuetnlp/banglabert
620454	None	csebuetnlp/banglabert
902649	None	csebuetnlp/banglabert
69156	None	csebuetnlp/banglabert
821418	None	csebuetnlp/banglabert
299047	Political Hate	csebuetnlp/banglabert
470685	None	csebuetnlp/banglabert
174808	Political Hate	csebuetnlp/banglabert
926452	Political Hate	csebuetnlp/banglabert
875164	None	csebuetnlp/banglabert
365347	Profane	csebuetnlp/banglabert
836477	Abusive	csebuetnlp/banglabert
905476	None	csebuetnlp/banglabert
936688	None	csebuetnlp/banglabert
560260	Political Hate	csebuetnlp/banglabert
412196	None	csebuetnlp/banglabert
520253	None	csebuetnlp/banglabert
2167	Abusive	csebuetnlp/banglabert
779149	Political Hate	csebuetnlp/banglabert
914749	None	csebuetnlp/banglabert
190492	Political Hate	csebuetnlp/banglabert
179549	None	csebuetnlp/banglabert
32044	Profane	csebuetnlp/banglabert
313219	None	csebuetnlp/banglabert
621571	Abusive	csebuetnlp/banglabert
937290	None	csebuetnlp/banglabert
308142	None	csebuetnlp/banglabert
815069	Abusive	csebuetnlp/banglabert
186811	Political Hate	csebuetnlp/banglabert
771777	Political Hate	csebuetnlp/banglabert
33082	None	csebuetnlp/banglabert
403175	Political Hate	csebuetnlp/banglabert
482237	None	csebuetnlp/banglabert
167408	Political Hate	csebuetnlp/banglabert
424508	Abusive	csebuetnlp/banglabert
466439	None	csebuetnlp/banglabert
804184	Religious Hate	csebuetnlp/banglabert
889384	None	csebuetnlp/banglabert
80815	Political Hate	csebuetnlp/banglabert
343649	Abusive	csebuetnlp/banglabert
358043	None	csebuetnlp/banglabert
612105	Political Hate	csebuetnlp/banglabert
62235	Abusive	csebuetnlp/banglabert
214701	None	csebuetnlp/banglabert
864286	Profane	csebuetnlp/banglabert
33526	None	csebuetnlp/banglabert
461360	None	csebuetnlp/banglabert
637121	Abusive	csebuetnlp/banglabert
539351	None	csebuetnlp/banglabert
442711	Profane	csebuetnlp/banglabert
854642	Abusive	csebuetnlp/banglabert
380082	None	csebuetnlp/banglabert
262039	None	csebuetnlp/banglabert
131765	None	csebuetnlp/banglabert
461120	None	csebuetnlp/banglabert
486207	Abusive	csebuetnlp/banglabert
585797	None	csebuetnlp/banglabert
347925	None	csebuetnlp/banglabert
149746	None	csebuetnlp/banglabert
648789	None	csebuetnlp/banglabert
827712	None	csebuetnlp/banglabert
289491	None	csebuetnlp/banglabert
114350	Abusive	csebuetnlp/banglabert
647470	Abusive	csebuetnlp/banglabert
628702	Abusive	csebuetnlp/banglabert
333078	Abusive	csebuetnlp/banglabert
194388	Political Hate	csebuetnlp/banglabert
403332	None	csebuetnlp/banglabert
261772	None	csebuetnlp/banglabert
562636	Political Hate	csebuetnlp/banglabert
497449	None	csebuetnlp/banglabert
578764	Political Hate	csebuetnlp/banglabert
843620	None	csebuetnlp/banglabert
152036	None	csebuetnlp/banglabert
406570	None	csebuetnlp/banglabert
288559	None	csebuetnlp/banglabert
483883	Political Hate	csebuetnlp/banglabert
913373	None	csebuetnlp/banglabert
927437	None	csebuetnlp/banglabert
269342	Abusive	csebuetnlp/banglabert
885094	None	csebuetnlp/banglabert
721480	None	csebuetnlp/banglabert
849005	Abusive	csebuetnlp/banglabert
498494	None	csebuetnlp/banglabert
476169	None	csebuetnlp/banglabert
450992	None	csebuetnlp/banglabert
237824	None	csebuetnlp/banglabert
616971	None	csebuetnlp/banglabert
503134	None	csebuetnlp/banglabert
300697	Abusive	csebuetnlp/banglabert
341752	None	csebuetnlp/banglabert
389232	None	csebuetnlp/banglabert
165711	None	csebuetnlp/banglabert
595882	Political Hate	csebuetnlp/banglabert
461321	None	csebuetnlp/banglabert
534246	None	csebuetnlp/banglabert
167959	None	csebuetnlp/banglabert
663255	Abusive	csebuetnlp/banglabert
491560	None	csebuetnlp/banglabert
759859	None	csebuetnlp/banglabert
933842	None	csebuetnlp/banglabert
447129	Abusive	csebuetnlp/banglabert
77357	None	csebuetnlp/banglabert
843342	None	csebuetnlp/banglabert
762831	None	csebuetnlp/banglabert
495779	Abusive	csebuetnlp/banglabert
110324	Political Hate	csebuetnlp/banglabert
748744	None	csebuetnlp/banglabert
267627	None	csebuetnlp/banglabert
28570	Profane	csebuetnlp/banglabert
114389	Abusive	csebuetnlp/banglabert
917265	Abusive	csebuetnlp/banglabert
861949	Abusive	csebuetnlp/banglabert
835845	None	csebuetnlp/banglabert
817301	Political Hate	csebuetnlp/banglabert
155697	None	csebuetnlp/banglabert
776060	None	csebuetnlp/banglabert
140203	Profane	csebuetnlp/banglabert
551159	None	csebuetnlp/banglabert
303964	None	csebuetnlp/banglabert
359310	None	csebuetnlp/banglabert
814630	None	csebuetnlp/banglabert
724406	None	csebuetnlp/banglabert
345485	None	csebuetnlp/banglabert
923533	Profane	csebuetnlp/banglabert
879480	Abusive	csebuetnlp/banglabert
29455	Abusive	csebuetnlp/banglabert
6905	Profane	csebuetnlp/banglabert
857239	None	csebuetnlp/banglabert
375203	None	csebuetnlp/banglabert
239594	None	csebuetnlp/banglabert
397239	Religious Hate	csebuetnlp/banglabert
927497	None	csebuetnlp/banglabert
448887	None	csebuetnlp/banglabert
196093	Political Hate	csebuetnlp/banglabert
707921	None	csebuetnlp/banglabert
141474	Political Hate	csebuetnlp/banglabert
244709	Abusive	csebuetnlp/banglabert
145485	None	csebuetnlp/banglabert
236687	None	csebuetnlp/banglabert
7891	Political Hate	csebuetnlp/banglabert
155340	None	csebuetnlp/banglabert
430072	None	csebuetnlp/banglabert
172675	None	csebuetnlp/banglabert
125198	Abusive	csebuetnlp/banglabert
53219	None	csebuetnlp/banglabert
741755	None	csebuetnlp/banglabert
527271	None	csebuetnlp/banglabert
452267	None	csebuetnlp/banglabert
760668	Political Hate	csebuetnlp/banglabert
618519	Abusive	csebuetnlp/banglabert
283486	None	csebuetnlp/banglabert
896974	Abusive	csebuetnlp/banglabert
391677	Abusive	csebuetnlp/banglabert
520670	None	csebuetnlp/banglabert
233592	Abusive	csebuetnlp/banglabert
755934	Profane	csebuetnlp/banglabert
384551	None	csebuetnlp/banglabert
589893	None	csebuetnlp/banglabert
286092	Profane	csebuetnlp/banglabert
87617	Abusive	csebuetnlp/banglabert
110536	Abusive	csebuetnlp/banglabert
52958	Abusive	csebuetnlp/banglabert
458404	None	csebuetnlp/banglabert
566519	Abusive	csebuetnlp/banglabert
610780	None	csebuetnlp/banglabert
209532	None	csebuetnlp/banglabert
250419	Political Hate	csebuetnlp/banglabert
195314	None	csebuetnlp/banglabert
393437	Political Hate	csebuetnlp/banglabert
205708	Political Hate	csebuetnlp/banglabert
891127	None	csebuetnlp/banglabert
805521	None	csebuetnlp/banglabert
117548	None	csebuetnlp/banglabert
246624	Profane	csebuetnlp/banglabert
506244	None	csebuetnlp/banglabert
509687	None	csebuetnlp/banglabert
289677	None	csebuetnlp/banglabert
335025	None	csebuetnlp/banglabert
822377	None	csebuetnlp/banglabert
527383	Profane	csebuetnlp/banglabert
424353	Profane	csebuetnlp/banglabert
194135	None	csebuetnlp/banglabert
648640	None	csebuetnlp/banglabert
9427	None	csebuetnlp/banglabert
873869	Profane	csebuetnlp/banglabert
362074	Political Hate	csebuetnlp/banglabert
576729	None	csebuetnlp/banglabert
693527	None	csebuetnlp/banglabert
322553	None	csebuetnlp/banglabert
497543	None	csebuetnlp/banglabert
682727	None	csebuetnlp/banglabert
496534	None	csebuetnlp/banglabert
547405	Abusive	csebuetnlp/banglabert
586467	None	csebuetnlp/banglabert
109766	None	csebuetnlp/banglabert
364975	Profane	csebuetnlp/banglabert
652511	None	csebuetnlp/banglabert
132343	None	csebuetnlp/banglabert
927703	Abusive	csebuetnlp/banglabert
560305	None	csebuetnlp/banglabert
710998	None	csebuetnlp/banglabert
683040	None	csebuetnlp/banglabert
242895	None	csebuetnlp/banglabert
1933	Profane	csebuetnlp/banglabert
486726	Abusive	csebuetnlp/banglabert
666424	None	csebuetnlp/banglabert
339870	Profane	csebuetnlp/banglabert
4331	None	csebuetnlp/banglabert
839398	None	csebuetnlp/banglabert
382216	None	csebuetnlp/banglabert
496082	Abusive	csebuetnlp/banglabert
684296	None	csebuetnlp/banglabert
114508	Profane	csebuetnlp/banglabert
736996	None	csebuetnlp/banglabert
646381	None	csebuetnlp/banglabert
262330	Political Hate	csebuetnlp/banglabert
289463	Profane	csebuetnlp/banglabert
622294	Political Hate	csebuetnlp/banglabert
269050	Abusive	csebuetnlp/banglabert
630616	Political Hate	csebuetnlp/banglabert
796750	Abusive	csebuetnlp/banglabert
256089	None	csebuetnlp/banglabert
909380	None	csebuetnlp/banglabert
778	None	csebuetnlp/banglabert
812526	None	csebuetnlp/banglabert
361081	None	csebuetnlp/banglabert
397486	None	csebuetnlp/banglabert
370000	Abusive	csebuetnlp/banglabert
424535	None	csebuetnlp/banglabert
715610	None	csebuetnlp/banglabert
109305	None	csebuetnlp/banglabert
809961	None	csebuetnlp/banglabert
93573	None	csebuetnlp/banglabert
313102	None	csebuetnlp/banglabert
595589	Abusive	csebuetnlp/banglabert
792217	Abusive	csebuetnlp/banglabert
401393	Religious Hate	csebuetnlp/banglabert
642501	Political Hate	csebuetnlp/banglabert
454025	Political Hate	csebuetnlp/banglabert
425967	None	csebuetnlp/banglabert
17514	Abusive	csebuetnlp/banglabert
173438	None	csebuetnlp/banglabert
492943	None	csebuetnlp/banglabert
432564	None	csebuetnlp/banglabert
391327	None	csebuetnlp/banglabert
683088	None	csebuetnlp/banglabert
218139	Abusive	csebuetnlp/banglabert
39131	None	csebuetnlp/banglabert
531057	None	csebuetnlp/banglabert
315983	Profane	csebuetnlp/banglabert
41430	Abusive	csebuetnlp/banglabert
523176	None	csebuetnlp/banglabert
419632	Abusive	csebuetnlp/banglabert
914780	None	csebuetnlp/banglabert
729474	Abusive	csebuetnlp/banglabert
419256	None	csebuetnlp/banglabert
78729	None	csebuetnlp/banglabert
500711	None	csebuetnlp/banglabert
322905	Abusive	csebuetnlp/banglabert
268247	None	csebuetnlp/banglabert
545088	None	csebuetnlp/banglabert
652752	None	csebuetnlp/banglabert
22670	None	csebuetnlp/banglabert
719828	None	csebuetnlp/banglabert
574934	Abusive	csebuetnlp/banglabert
566019	None	csebuetnlp/banglabert
716179	None	csebuetnlp/banglabert
10820	Political Hate	csebuetnlp/banglabert
304434	None	csebuetnlp/banglabert
870604	Abusive	csebuetnlp/banglabert
761622	Political Hate	csebuetnlp/banglabert
863110	None	csebuetnlp/banglabert
147674	Abusive	csebuetnlp/banglabert
10812	None	csebuetnlp/banglabert
312994	None	csebuetnlp/banglabert
875401	None	csebuetnlp/banglabert
734189	None	csebuetnlp/banglabert
602118	Abusive	csebuetnlp/banglabert
65083	Political Hate	csebuetnlp/banglabert
892059	Profane	csebuetnlp/banglabert
463607	Abusive	csebuetnlp/banglabert
689129	None	csebuetnlp/banglabert
650278	Political Hate	csebuetnlp/banglabert
501371	Abusive	csebuetnlp/banglabert
739258	Abusive	csebuetnlp/banglabert
692520	Abusive	csebuetnlp/banglabert
508400	Abusive	csebuetnlp/banglabert
20488	None	csebuetnlp/banglabert
406730	Abusive	csebuetnlp/banglabert
436406	None	csebuetnlp/banglabert
331150	None	csebuetnlp/banglabert
120657	None	csebuetnlp/banglabert
924173	None	csebuetnlp/banglabert
105527	Profane	csebuetnlp/banglabert
745765	Abusive	csebuetnlp/banglabert
717745	None	csebuetnlp/banglabert
726657	None	csebuetnlp/banglabert
354360	None	csebuetnlp/banglabert
46157	None	csebuetnlp/banglabert
280837	None	csebuetnlp/banglabert
189579	Political Hate	csebuetnlp/banglabert
863341	None	csebuetnlp/banglabert
427293	None	csebuetnlp/banglabert
51238	Profane	csebuetnlp/banglabert
258212	None	csebuetnlp/banglabert
886930	None	csebuetnlp/banglabert
570426	None	csebuetnlp/banglabert
278931	None	csebuetnlp/banglabert
510657	None	csebuetnlp/banglabert
602789	None	csebuetnlp/banglabert
866305	None	csebuetnlp/banglabert
934049	None	csebuetnlp/banglabert
146260	None	csebuetnlp/banglabert
168131	None	csebuetnlp/banglabert
710268	None	csebuetnlp/banglabert
201234	Political Hate	csebuetnlp/banglabert
137049	Abusive	csebuetnlp/banglabert
262717	None	csebuetnlp/banglabert
220124	None	csebuetnlp/banglabert
307806	Abusive	csebuetnlp/banglabert
605409	Abusive	csebuetnlp/banglabert
384402	None	csebuetnlp/banglabert
697635	None	csebuetnlp/banglabert
721472	Political Hate	csebuetnlp/banglabert
791762	None	csebuetnlp/banglabert
316652	None	csebuetnlp/banglabert
887215	None	csebuetnlp/banglabert
914909	None	csebuetnlp/banglabert
685684	None	csebuetnlp/banglabert
326738	None	csebuetnlp/banglabert
841783	Abusive	csebuetnlp/banglabert
511643	Abusive	csebuetnlp/banglabert
40308	None	csebuetnlp/banglabert
838584	None	csebuetnlp/banglabert
746668	None	csebuetnlp/banglabert
145613	None	csebuetnlp/banglabert
257366	None	csebuetnlp/banglabert
706991	None	csebuetnlp/banglabert
761545	Political Hate	csebuetnlp/banglabert
314134	Profane	csebuetnlp/banglabert
742594	None	csebuetnlp/banglabert
480467	None	csebuetnlp/banglabert
166983	None	csebuetnlp/banglabert
246851	None	csebuetnlp/banglabert
509656	None	csebuetnlp/banglabert
810103	Abusive	csebuetnlp/banglabert
306498	None	csebuetnlp/banglabert
458521	None	csebuetnlp/banglabert
194553	None	csebuetnlp/banglabert
577334	None	csebuetnlp/banglabert
919153	None	csebuetnlp/banglabert
323699	None	csebuetnlp/banglabert
301853	Political Hate	csebuetnlp/banglabert
272761	None	csebuetnlp/banglabert
387996	Religious Hate	csebuetnlp/banglabert
199317	Abusive	csebuetnlp/banglabert
843517	None	csebuetnlp/banglabert
756751	Abusive	csebuetnlp/banglabert
802792	Abusive	csebuetnlp/banglabert
4108	Profane	csebuetnlp/banglabert
594826	Abusive	csebuetnlp/banglabert
239590	Abusive	csebuetnlp/banglabert
414415	None	csebuetnlp/banglabert
620296	Abusive	csebuetnlp/banglabert
843329	None	csebuetnlp/banglabert
272703	None	csebuetnlp/banglabert
96967	None	csebuetnlp/banglabert
684514	None	csebuetnlp/banglabert
363925	Political Hate	csebuetnlp/banglabert
701831	Abusive	csebuetnlp/banglabert
570642	None	csebuetnlp/banglabert
351163	None	csebuetnlp/banglabert
544574	None	csebuetnlp/banglabert
895025	None	csebuetnlp/banglabert
140578	None	csebuetnlp/banglabert
798880	Profane	csebuetnlp/banglabert
658158	None	csebuetnlp/banglabert
470670	None	csebuetnlp/banglabert
491299	Political Hate	csebuetnlp/banglabert
923599	None	csebuetnlp/banglabert
699500	None	csebuetnlp/banglabert
402499	None	csebuetnlp/banglabert
882133	None	csebuetnlp/banglabert
930565	None	csebuetnlp/banglabert
179809	None	csebuetnlp/banglabert
802404	None	csebuetnlp/banglabert
134679	None	csebuetnlp/banglabert
915608	None	csebuetnlp/banglabert
789848	Profane	csebuetnlp/banglabert
186151	Abusive	csebuetnlp/banglabert
566111	Abusive	csebuetnlp/banglabert
712786	None	csebuetnlp/banglabert
18233	None	csebuetnlp/banglabert
448663	None	csebuetnlp/banglabert
101726	Political Hate	csebuetnlp/banglabert
137172	None	csebuetnlp/banglabert
130592	None	csebuetnlp/banglabert
289339	None	csebuetnlp/banglabert
268238	Profane	csebuetnlp/banglabert
778844	Political Hate	csebuetnlp/banglabert
619989	None	csebuetnlp/banglabert
295113	None	csebuetnlp/banglabert
510523	Abusive	csebuetnlp/banglabert
874338	None	csebuetnlp/banglabert
375992	None	csebuetnlp/banglabert
143018	None	csebuetnlp/banglabert
449384	None	csebuetnlp/banglabert
668450	Abusive	csebuetnlp/banglabert
900460	None	csebuetnlp/banglabert
782027	Political Hate	csebuetnlp/banglabert
248320	Abusive	csebuetnlp/banglabert
903520	None	csebuetnlp/banglabert
321366	None	csebuetnlp/banglabert
53970	Abusive	csebuetnlp/banglabert
408408	None	csebuetnlp/banglabert
825847	None	csebuetnlp/banglabert
512939	Profane	csebuetnlp/banglabert
757889	Profane	csebuetnlp/banglabert
843487	None	csebuetnlp/banglabert
312978	None	csebuetnlp/banglabert
763921	Abusive	csebuetnlp/banglabert
570935	None	csebuetnlp/banglabert
251505	None	csebuetnlp/banglabert
226424	Political Hate	csebuetnlp/banglabert
670694	None	csebuetnlp/banglabert
823738	Political Hate	csebuetnlp/banglabert
708856	None	csebuetnlp/banglabert
692533	None	csebuetnlp/banglabert
328000	Abusive	csebuetnlp/banglabert
821624	Political Hate	csebuetnlp/banglabert
888369	None	csebuetnlp/banglabert
775464	None	csebuetnlp/banglabert
378095	None	csebuetnlp/banglabert
415921	Profane	csebuetnlp/banglabert
317166	None	csebuetnlp/banglabert
769119	None	csebuetnlp/banglabert
281010	Political Hate	csebuetnlp/banglabert
535819	None	csebuetnlp/banglabert
479402	Abusive	csebuetnlp/banglabert
790291	None	csebuetnlp/banglabert
779950	Political Hate	csebuetnlp/banglabert
219128	None	csebuetnlp/banglabert
152210	Abusive	csebuetnlp/banglabert
116919	Profane	csebuetnlp/banglabert
124279	None	csebuetnlp/banglabert
148529	None	csebuetnlp/banglabert
664652	Political Hate	csebuetnlp/banglabert
695137	None	csebuetnlp/banglabert
936459	None	csebuetnlp/banglabert
175827	None	csebuetnlp/banglabert
913351	None	csebuetnlp/banglabert
643267	None	csebuetnlp/banglabert
530943	None	csebuetnlp/banglabert
46609	Abusive	csebuetnlp/banglabert
415153	None	csebuetnlp/banglabert
436911	Abusive	csebuetnlp/banglabert
474833	Political Hate	csebuetnlp/banglabert
17874	None	csebuetnlp/banglabert
471347	None	csebuetnlp/banglabert
213176	None	csebuetnlp/banglabert
527476	Abusive	csebuetnlp/banglabert
815877	None	csebuetnlp/banglabert
677021	None	csebuetnlp/banglabert
240874	Political Hate	csebuetnlp/banglabert
794742	Abusive	csebuetnlp/banglabert
73385	Profane	csebuetnlp/banglabert
303942	Abusive	csebuetnlp/banglabert
262531	Abusive	csebuetnlp/banglabert
469724	None	csebuetnlp/banglabert
826071	Profane	csebuetnlp/banglabert
876469	None	csebuetnlp/banglabert
572805	Abusive	csebuetnlp/banglabert
54874	Profane	csebuetnlp/banglabert
593727	None	csebuetnlp/banglabert
10377	None	csebuetnlp/banglabert
682060	None	csebuetnlp/banglabert
275312	Political Hate	csebuetnlp/banglabert
692021	Profane	csebuetnlp/banglabert
847734	Abusive	csebuetnlp/banglabert
94130	Political Hate	csebuetnlp/banglabert
718967	None	csebuetnlp/banglabert
763014	None	csebuetnlp/banglabert
731570	Abusive	csebuetnlp/banglabert
740982	None	csebuetnlp/banglabert
866626	None	csebuetnlp/banglabert
729076	Political Hate	csebuetnlp/banglabert
895537	None	csebuetnlp/banglabert
392555	None	csebuetnlp/banglabert
250047	None	csebuetnlp/banglabert
315945	None	csebuetnlp/banglabert
707668	Abusive	csebuetnlp/banglabert
175422	None	csebuetnlp/banglabert
26180	None	csebuetnlp/banglabert
638766	None	csebuetnlp/banglabert
728323	Abusive	csebuetnlp/banglabert
82810	Abusive	csebuetnlp/banglabert
282591	None	csebuetnlp/banglabert
161178	Abusive	csebuetnlp/banglabert
740696	Political Hate	csebuetnlp/banglabert
348504	None	csebuetnlp/banglabert
845443	None	csebuetnlp/banglabert
776466	None	csebuetnlp/banglabert
849227	Profane	csebuetnlp/banglabert
532697	Profane	csebuetnlp/banglabert
861411	None	csebuetnlp/banglabert
743242	None	csebuetnlp/banglabert
